GDLcode,time,carbon emission,temperature,precipitation,radiation,surface temp,windspeed,GDP,population,age,education,gender,Hhsize,rural,wealth,HDD_days,carbon_emission_lag1
RUSr101,2013_02,531.4993274,268.5188747,0.001168908,4597771.245,268.3551017,3.490190648,1.26354E+12,39052077,5.110698337,4.020772413,0.455095257,2.708316919,0.187589694,3.349808043,28,624.2338299
RUSr101,2013_03,515.7781008,266.2937108,0.002277376,9863666.871,265.9937506,4.188808937,1.26354E+12,39052077,5.110698337,4.020772413,0.455095257,2.708316919,0.187589694,3.349808043,31,531.4993274
RUSr101,2013_04,304.3900066,279.4676573,0.001186353,15717937.2,278.3688635,3.452591568,1.26354E+12,39052077,5.110698337,4.020772413,0.455095257,2.708316919,0.187589694,3.349808043,30,515.7781008
RUSr101,2013_05,187.0673962,289.8647272,0.002180283,20088288.72,289.708036,3.071776123,1.26354E+12,39052077,5.110698337,4.020772413,0.455095257,2.708316919,0.187589694,3.349808043,19,304.3900066
RUSr101,2013_06,93.58934354,292.516762,0.001804529,22192203.9,293.2137979,2.793122392,1.26354E+12,39052077,5.110698337,4.020772413,0.455095257,2.708316919,0.187589694,3.349808043,10,187.0673962
RUSr101,2013_07,58.51490156,291.8437742,0.002917228,18515259.91,292.7285264,2.878560248,1.26354E+12,39052077,5.110698337,4.020772413,0.455095257,2.708316919,0.187589694,3.349808043,13,93.58934354
RUSr101,2013_08,86.58099664,291.2009587,0.00179295,16107622.26,291.9881365,2.775230491,1.26354E+12,39052077,5.110698337,4.020772413,0.455095257,2.708316919,0.187589694,3.349808043,13,58.51490156
RUSr101,2013_09,181.3314115,283.4815056,0.003845931,7280236.323,283.7657882,3.563040749,1.26354E+12,39052077,5.110698337,4.020772413,0.455095257,2.708316919,0.187589694,3.349808043,30,86.58099664
RUSr101,2013_10,322.0371816,279.1931724,0.001438028,4640537.126,279.1269257,3.676535708,1.26354E+12,39052077,5.110698337,4.020772413,0.455095257,2.708316919,0.187589694,3.349808043,31,181.3314115
RUSr101,2013_11,413.0439219,276.5594374,0.002151097,1837214.836,276.3587819,4.310578063,1.26354E+12,39052077,5.110698337,4.020772413,0.455095257,2.708316919,0.187589694,3.349808043,30,322.0371816
RUSr101,2013_12,517.1954226,270.557584,0.001342078,1377381.205,270.0765068,4.571115957,1.26354E+12,39052077,5.110698337,4.020772413,0.455095257,2.708316919,0.187589694,3.349808043,31,413.0439219
RUSr101,2014_01,723.3887079,263.2915774,0.001518922,2318038.007,263.3100364,3.60573077,1.25069E+12,39219852,5.110698337,4.020772413,0.455095257,2.708316919,0.187589694,3.349808043,31,517.1954226
RUSr101,2014_02,590.8535774,269.849434,0.001100416,4431747.953,269.2489708,3.489379688,1.25069E+12,39219852,5.110698337,4.020772413,0.455095257,2.708316919,0.187589694,3.349808043,28,723.3887079
RUSr101,2014_03,468.6083862,274.8395378,0.000859112,10568172.32,274.3096103,4.029182479,1.25069E+12,39219852,5.110698337,4.020772413,0.455095257,2.708316919,0.187589694,3.349808043,31,590.8535774
RUSr101,2014_04,325.4684831,279.8277617,0.001037489,16027470.89,279.6258962,3.721052919,1.25069E+12,39219852,5.110698337,4.020772413,0.455095257,2.708316919,0.187589694,3.349808043,30,468.6083862
RUSr101,2014_05,224.9630938,289.0253081,0.001603922,20523797.61,289.6201992,3.611234868,1.25069E+12,39219852,5.110698337,4.020772413,0.455095257,2.708316919,0.187589694,3.349808043,20,325.4684831
RUSr101,2014_06,112.9646891,289.0206102,0.002832172,20219264.44,289.8261243,3.588421815,1.25069E+12,39219852,5.110698337,4.020772413,0.455095257,2.708316919,0.187589694,3.349808043,21,224.9630938
RUSr101,2014_07,77.02044688,293.2580115,0.000797818,22298668.63,294.2299502,2.822796712,1.25069E+12,39219852,5.110698337,4.020772413,0.455095257,2.708316919,0.187589694,3.349808043,4,112.9646891
RUSr101,2014_08,95.64322995,292.0730464,0.001823559,16654300.86,293.3487114,2.879089785,1.25069E+12,39219852,5.110698337,4.020772413,0.455095257,2.708316919,0.187589694,3.349808043,13,77.02044688
RUSr101,2014_09,197.4641572,285.0849945,0.001096004,11301891.37,285.9503429,3.102890882,1.25069E+12,39219852,5.110698337,4.020772413,0.455095257,2.708316919,0.187589694,3.349808043,30,95.64322995
RUSr101,2014_10,374.4859544,276.3783867,0.001430907,5828752.077,276.4706142,3.699020301,1.25069E+12,39219852,5.110698337,4.020772413,0.455095257,2.708316919,0.187589694,3.349808043,31,197.4641572
RUSr101,2014_11,531.5245964,271.0920915,0.000584941,2437251.426,271.5225674,3.024468638,1.25069E+12,39219852,5.110698337,4.020772413,0.455095257,2.708316919,0.187589694,3.349808043,30,374.4859544
RUSr101,2014_12,617.8765646,268.6611372,0.001998705,1279775.1,268.7814754,4.12242834,1.25069E+12,39219852,5.110698337,4.020772413,0.455095257,2.708316919,0.187589694,3.349808043,31,531.5245964
RUSr101,2015_01,721.6494327,267.7159422,0.001756633,1944124.793,267.3292441,4.590552028,1.2032E+12,39295015,5.110698337,4.020772413,0.455095257,2.708316919,0.187589694,3.349808043,31,617.8765646
RUSr101,2015_02,590.3350628,269.6258777,0.001323481,4780697.565,268.8338099,4.089013158,1.2032E+12,39295015,5.110698337,4.020772413,0.455095257,2.708316919,0.187589694,3.349808043,28,721.6494327
RUSr101,2015_03,533.9633476,274.1332402,0.000730285,10206821.23,273.2211262,4.037488386,1.2032E+12,39295015,5.110698337,4.020772413,0.455095257,2.708316919,0.187589694,3.349808043,31,590.3350628
RUSr101,2015_04,383.4019282,278.9718539,0.002023106,14751272.76,278.5343696,4.058702506,1.2032E+12,39295015,5.110698337,4.020772413,0.455095257,2.708316919,0.187589694,3.349808043,30,533.9633476
RUSr101,2015_05,244.0474525,287.4847656,0.002296321,19127572.56,287.6816224,3.427339155,1.2032E+12,39295015,5.110698337,4.020772413,0.455095257,2.708316919,0.187589694,3.349808043,24,383.4019282
RUSr101,2015_06,107.9923258,290.9848934,0.002451964,20517982.18,291.8366868,3.158519242,1.2032E+12,39295015,5.110698337,4.020772413,0.455095257,2.708316919,0.187589694,3.349808043,15,244.0474525
RUSr101,2015_07,79.29213975,291.0949918,0.002872666,19519690.06,291.8336957,3.308381862,1.2032E+12,39295015,5.110698337,4.020772413,0.455095257,2.708316919,0.187589694,3.349808043,16,107.9923258
RUSr101,2015_08,115.2076852,290.3486209,0.000922212,17634065.75,291.3397674,3.158022188,1.2032E+12,39295015,5.110698337,4.020772413,0.455095257,2.708316919,0.187589694,3.349808043,22,79.29213975
RUSr101,2015_09,204.0232134,287.393353,0.00163338,10796608.67,287.8349393,3.078232522,1.2032E+12,39295015,5.110698337,4.020772413,0.455095257,2.708316919,0.187589694,3.349808043,26,115.2076852
RUSr101,2015_10,389.7700118,276.6592193,0.000947779,5719858.075,276.9121248,3.639447825,1.2032E+12,39295015,5.110698337,4.020772413,0.455095257,2.708316919,0.187589694,3.349808043,31,204.0232134
RUSr101,2015_11,567.6602506,273.5544213,0.002173825,2114621.145,273.3646221,3.617021864,1.2032E+12,39295015,5.110698337,4.020772413,0.455095257,2.708316919,0.187589694,3.349808043,30,389.7700118
RUSr101,2015_12,662.525872,272.5085192,0.001790483,1311588.678,272.0493849,4.754552433,1.2032E+12,39295015,5.110698337,4.020772413,0.455095257,2.708316919,0.187589694,3.349808043,31,567.6602506
RUSr101,2016_01,746.8159358,262.4042872,0.002545217,2213079.061,262.6749028,4.076379084,1.2251E+12,39267849,5.110698337,4.020772413,0.455095257,2.708316919,0.187589694,3.349808043,31,662.525872
RUSr101,2016_02,620.4326627,272.1601994,0.001843973,4370064.428,271.2669837,4.557797152,1.2251E+12,39267849,5.110698337,4.020772413,0.455095257,2.708316919,0.187589694,3.349808043,29,746.8159358
RUSr101,2016_03,554.2072718,273.0796455,0.001693618,9092617.453,272.4580644,3.429479927,1.2251E+12,39267849,5.110698337,4.020772413,0.455095257,2.708316919,0.187589694,3.349808043,31,620.4326627
RUSr101,2016_04,371.6857591,281.1756271,0.0022867,13920442.95,280.8346418,3.686435259,1.2251E+12,39267849,5.110698337,4.020772413,0.455095257,2.708316919,0.187589694,3.349808043,30,554.2072718
RUSr101,2016_05,260.054241,287.5510641,0.002298491,19090132.25,287.5419011,3.097219932,1.2251E+12,39267849,5.110698337,4.020772413,0.455095257,2.708316919,0.187589694,3.349808043,27,371.6857591
RUSr101,2016_06,108.4880504,290.621849,0.00246082,20912722.58,291.0131818,3.124395318,1.2251E+12,39267849,5.110698337,4.020772413,0.455095257,2.708316919,0.187589694,3.349808043,14,260.054241
RUSr101,2016_07,69.59562203,293.6421264,0.002725513,20503633.18,294.5125566,3.006606057,1.2251E+12,39267849,5.110698337,4.020772413,0.455095257,2.708316919,0.187589694,3.349808043,7,108.4880504
RUSr101,2016_08,106.1250588,292.3454901,0.002780544,16323377.72,293.0373723,3.122540632,1.2251E+12,39267849,5.110698337,4.020772413,0.455095257,2.708316919,0.187589694,3.349808043,9,69.59562203
RUSr101,2016_09,188.6430525,284.2759629,0.001859328,8341609.952,284.7386356,3.667508064,1.2251E+12,39267849,5.110698337,4.020772413,0.455095257,2.708316919,0.187589694,3.349808043,30,106.1250588
RUSr101,2016_10,407.5004431,277.2373908,0.001314191,4755908.612,277.3668207,3.540308518,1.2251E+12,39267849,5.110698337,4.020772413,0.455095257,2.708316919,0.187589694,3.349808043,31,188.6430525
RUSr101,2016_11,629.8812131,270.0398934,0.002606818,2251727.506,269.7719874,4.214234709,1.2251E+12,39267849,5.110698337,4.020772413,0.455095257,2.708316919,0.187589694,3.349808043,30,407.5004431
RUSr101,2016_12,750.2892636,267.3833124,0.001598142,1436272.802,267.296301,4.007195813,1.2251E+12,39267849,5.110698337,4.020772413,0.455095257,2.708316919,0.187589694,3.349808043,31,629.8812131
RUSr101,2017_01,860.4843043,264.737086,0.001390873,2216832.088,264.3399636,4.333280262,1.24563E+12,39676664,5.110698337,4.020772413,0.455095257,2.708316919,0.187589694,3.349808043,31,750.2892636
RUSr101,2017_02,722.3042749,267.4020952,0.001379353,4726771.349,266.621119,4.576542272,1.24563E+12,39676664,5.110698337,4.020772413,0.455095257,2.708316919,0.187589694,3.349808043,28,860.4843043
RUSr101,2017_03,559.4124293,274.9749445,0.001457422,9420967.082,274.2068665,3.903651507,1.24563E+12,39676664,5.110698337,4.020772413,0.455095257,2.708316919,0.187589694,3.349808043,31,722.3042749
RUSr101,2017_04,448.8447732,278.7753521,0.001897966,14198303.98,278.5919021,4.043211388,1.24563E+12,39676664,5.110698337,4.020772413,0.455095257,2.708316919,0.187589694,3.349808043,30,559.4124293
RUSr101,2017_05,330.4472951,284.1144086,0.001818161,19277730.53,284.5477091,3.414776101,1.24563E+12,39676664,5.110698337,4.020772413,0.455095257,2.708316919,0.187589694,3.349808043,31,448.8447732
RUSr101,2017_06,145.5193728,287.9077281,0.002883937,19095302.5,288.430305,3.604430933,1.24563E+12,39676664,5.110698337,4.020772413,0.455095257,2.708316919,0.187589694,3.349808043,26,330.4472951
RUSr101,2017_07,99.18247705,291.0215491,0.00315983,18470247.49,291.5845302,3.214755275,1.24563E+12,39676664,5.110698337,4.020772413,0.455095257,2.708316919,0.187589694,3.349808043,17,145.5193728
RUSr101,2017_08,126.3904473,291.8031582,0.001485051,16958684.68,292.5492698,3.344852159,1.24563E+12,39676664,5.110698337,4.020772413,0.455095257,2.708316919,0.187589694,3.349808043,10,99.18247705
RUSr101,2017_09,258.9662001,285.7696799,0.001760209,10242565.08,286.2244363,3.745350973,1.24563E+12,39676664,5.110698337,4.020772413,0.455095257,2.708316919,0.187589694,3.349808043,28,126.3904473
RUSr101,2017_10,465.3471463,278.0505309,0.002634547,4124097.098,278.0279834,3.90362765,1.24563E+12,39676664,5.110698337,4.020772413,0.455095257,2.708316919,0.187589694,3.349808043,31,258.9662001
RUSr101,2017_11,661.8779973,272.9073813,0.001820984,1920123.695,272.7603332,3.668104851,1.24563E+12,39676664,5.110698337,4.020772413,0.455095257,2.708316919,0.187589694,3.349808043,30,465.3471463
RUSr101,2017_12,786.305407,272.6676382,0.002874961,1012136.5,272.0964262,4.029698281,1.24563E+12,39676664,5.110698337,4.020772413,0.455095257,2.708316919,0.187589694,3.349808043,31,661.8779973
RUSr102,2013_02,57.66690207,264.4169915,0.001247428,2117163.786,263.8902251,3.651240874,3.8248E+11,13332848,4.968065369,4.045954021,0.455568011,2.765318896,0.208029408,3.225322918,28,67.74694145
RUSr102,2013_03,56.00913776,257.5578087,0.000725748,8099945.92,257.1621792,3.544874989,3.8248E+11,13332848,4.968065369,4.045954021,0.455568011,2.765318896,0.208029408,3.225322918,31,57.66690207
RUSr102,2013_04,33.04215384,272.4630704,0.001471956,12768582.84,271.5386464,3.859104524,3.8248E+11,13332848,4.968065369,4.045954021,0.455568011,2.765318896,0.208029408,3.225322918,30,56.00913776
RUSr102,2013_05,20.28164886,279.4291569,0.001325962,18403989.59,279.043598,3.502323925,3.8248E+11,13332848,4.968065369,4.045954021,0.455568011,2.765318896,0.208029408,3.225322918,31,33.04215384
RUSr102,2013_06,10.14702652,286.3889578,0.00178461,21252097.2,286.6815426,3.311004083,3.8248E+11,13332848,4.968065369,4.045954021,0.455568011,2.765318896,0.208029408,3.225322918,26,20.28164886
RUSr102,2013_07,6.34660509,288.9596984,0.002106899,18253239.86,289.4731331,2.987301685,3.8248E+11,13332848,4.968065369,4.045954021,0.455568011,2.765318896,0.208029408,3.225322918,26,10.14702652
RUSr102,2013_08,9.386627074,286.7007814,0.002526091,12560873.26,286.9058487,3.314743999,3.8248E+11,13332848,4.968065369,4.045954021,0.455568011,2.765318896,0.208029408,3.225322918,31,6.34660509
RUSr102,2013_09,19.67593045,280.2707104,0.001499864,6882490.84,280.3753624,3.53423561,3.8248E+11,13332848,4.968065369,4.045954021,0.455568011,2.765318896,0.208029408,3.225322918,30,9.386627074
RUSr102,2013_10,34.91988811,273.2693251,0.002647261,2530744.36,272.7611926,4.25276326,3.8248E+11,13332848,4.968065369,4.045954021,0.455568011,2.765318896,0.208029408,3.225322918,31,19.67593045
RUSr102,2013_11,44.80834887,270.8092461,0.002536071,569459.4254,270.3382867,4.328593413,3.8248E+11,13332848,4.968065369,4.045954021,0.455568011,2.765318896,0.208029408,3.225322918,30,34.91988811
RUSr102,2013_12,56.10113127,264.8207116,0.00192913,212086.6317,264.4432549,4.376946376,3.8248E+11,13332848,4.968065369,4.045954021,0.455568011,2.765318896,0.208029408,3.225322918,31,44.80834887
RUSr102,2014_01,77.32852945,256.980867,0.00110089,586511.5303,256.7960844,3.50340001,3.70912E+11,13383211,4.968065369,4.045954021,0.455568011,2.765318896,0.208029408,3.225322918,31,56.10113127
RUSr102,2014_02,63.12747089,262.8176115,0.001218967,1981662.935,262.1505362,3.815412961,3.70912E+11,13383211,4.968065369,4.045954021,0.455568011,2.765318896,0.208029408,3.225322918,28,77.32852945
RUSr102,2014_03,50.07944786,268.9336886,0.001592281,6557241.977,268.1558406,4.220050373,3.70912E+11,13383211,4.968065369,4.045954021,0.455568011,2.765318896,0.208029408,3.225322918,31,63.12747089
RUSr102,2014_04,34.78214555,271.756273,0.001321817,13501711.33,271.0236615,4.200619994,3.70912E+11,13383211,4.968065369,4.045954021,0.455568011,2.765318896,0.208029408,3.225322918,30,50.07944786
RUSr102,2014_05,24.04293192,278.6439887,0.002245226,17031664.27,278.34614,4.029698405,3.70912E+11,13383211,4.968065369,4.045954021,0.455568011,2.765318896,0.208029408,3.225322918,31,34.78214555
RUSr102,2014_06,12.0828331,283.1121906,0.002946802,18199553,283.318322,3.591393228,3.70912E+11,13383211,4.968065369,4.045954021,0.455568011,2.765318896,0.208029408,3.225322918,30,24.04293192
RUSr102,2014_07,8.219641762,286.1081468,0.001617811,17912381.52,286.4225314,3.30494782,3.70912E+11,13383211,4.968065369,4.045954021,0.455568011,2.765318896,0.208029408,3.225322918,31,12.0828331
RUSr102,2014_08,10.22020353,286.4111636,0.002678314,12807668.48,286.7236289,3.378840742,3.70912E+11,13383211,4.968065369,4.045954021,0.455568011,2.765318896,0.208029408,3.225322918,31,8.219641762
RUSr102,2014_09,21.0909502,280.4798729,0.001979896,7052403.793,280.531621,3.861873559,3.70912E+11,13383211,4.968065369,4.045954021,0.455568011,2.765318896,0.208029408,3.225322918,30,10.22020353
RUSr102,2014_10,40.00911621,270.9092375,0.001442139,2885868.161,270.764897,3.849455698,3.70912E+11,13383211,4.968065369,4.045954021,0.455568011,2.765318896,0.208029408,3.225322918,31,21.0909502
RUSr102,2014_11,56.79146488,268.0590292,0.001840159,684316.7562,267.846227,4.39197497,3.70912E+11,13383211,4.968065369,4.045954021,0.455568011,2.765318896,0.208029408,3.225322918,30,40.00911621
RUSr102,2014_12,66.04309792,264.2685494,0.001757046,212318.0838,264.2059406,4.102915385,3.70912E+11,13383211,4.968065369,4.045954021,0.455568011,2.765318896,0.208029408,3.225322918,31,56.79146488
RUSr102,2015_01,75.70253937,258.2066576,0.001666431,463906.0665,257.9396047,3.992731375,3.95621E+11,13341126,4.968065369,4.045954021,0.455568011,2.765318896,0.208029408,3.225322918,31,66.04309792
RUSr102,2015_02,61.94348764,264.5787014,0.001546354,2001817.901,263.9112417,4.465181725,3.95621E+11,13341126,4.968065369,4.045954021,0.455568011,2.765318896,0.208029408,3.225322918,28,75.70253937
RUSr102,2015_03,56.02030203,269.9807946,0.001233066,6928521.599,269.0440715,4.753649251,3.95621E+11,13341126,4.968065369,4.045954021,0.455568011,2.765318896,0.208029408,3.225322918,31,61.94348764
RUSr102,2015_04,40.23281685,272.9646367,0.001540742,12671579.88,272.1957407,3.841465122,3.95621E+11,13341126,4.968065369,4.045954021,0.455568011,2.765318896,0.208029408,3.225322918,30,56.02030203
RUSr102,2015_05,25.60945717,281.2553728,0.001906137,18153797.03,280.7428685,3.743845713,3.95621E+11,13341126,4.968065369,4.045954021,0.455568011,2.765318896,0.208029408,3.225322918,31,40.23281685
RUSr102,2015_06,11.34073544,285.1754322,0.00276406,18971106.74,285.3027684,3.734980534,3.95621E+11,13341126,4.968065369,4.045954021,0.455568011,2.765318896,0.208029408,3.225322918,30,25.60945717
RUSr102,2015_07,8.320810327,284.4300301,0.002866574,14596686.95,284.5689754,3.353207915,3.95621E+11,13341126,4.968065369,4.045954021,0.455568011,2.765318896,0.208029408,3.225322918,31,11.34073544
RUSr102,2015_08,12.07083544,284.4951668,0.002255507,12324910.19,284.659405,3.430464237,3.95621E+11,13341126,4.968065369,4.045954021,0.455568011,2.765318896,0.208029408,3.225322918,31,8.320810327
RUSr102,2015_09,21.39755038,281.7324095,0.002221511,6119337.917,281.6574311,3.417167176,3.95621E+11,13341126,4.968065369,4.045954021,0.455568011,2.765318896,0.208029408,3.225322918,30,12.07083544
RUSr102,2015_10,40.90655892,273.2164454,0.001867955,2895434.245,272.7489763,3.996795953,3.95621E+11,13341126,4.968065369,4.045954021,0.455568011,2.765318896,0.208029408,3.225322918,31,21.39755038
RUSr102,2015_11,59.53439778,268.3991751,0.001783657,684631.571,268.1190074,4.337542194,3.95621E+11,13341126,4.968065369,4.045954021,0.455568011,2.765318896,0.208029408,3.225322918,30,40.90655892
RUSr102,2015_12,69.47926325,265.9690129,0.001925095,209546.6708,265.5878319,4.337984153,3.95621E+11,13341126,4.968065369,4.045954021,0.455568011,2.765318896,0.208029408,3.225322918,31,59.53439778
RUSr102,2016_01,78.0539255,256.8411231,0.00143328,502549.1413,257.2786484,3.860406864,4.04041E+11,13495030,4.968065369,4.045954021,0.455568011,2.765318896,0.208029408,3.225322918,31,69.47926325
RUSr102,2016_02,64.80129787,268.2264911,0.001617033,1927796.427,267.7132213,4.438553325,4.04041E+11,13495030,4.968065369,4.045954021,0.455568011,2.765318896,0.208029408,3.225322918,29,78.0539255
RUSr102,2016_03,57.9072201,267.4430131,0.000826511,7077134.291,266.6625497,3.665802364,4.04041E+11,13495030,4.968065369,4.045954021,0.455568011,2.765318896,0.208029408,3.225322918,31,64.80129787
RUSr102,2016_04,38.8352505,274.6236153,0.001601383,12478365.11,273.7584722,3.524594927,4.04041E+11,13495030,4.968065369,4.045954021,0.455568011,2.765318896,0.208029408,3.225322918,30,57.9072201
RUSr102,2016_05,27.1459699,281.1727993,0.00115903,19122395.03,281.0079583,3.448617659,4.04041E+11,13495030,4.968065369,4.045954021,0.455568011,2.765318896,0.208029408,3.225322918,31,38.8352505
RUSr102,2016_06,11.33076227,284.9026559,0.002564082,18750038.97,284.9665093,3.634978389,4.04041E+11,13495030,4.968065369,4.045954021,0.455568011,2.765318896,0.208029408,3.225322918,29,27.1459699
RUSr102,2016_07,7.267618271,290.4365946,0.002873515,18130928.57,290.6557245,3.105305451,4.04041E+11,13495030,4.968065369,4.045954021,0.455568011,2.765318896,0.208029408,3.225322918,22,11.33076227
RUSr102,2016_08,11.0828073,287.4349718,0.003632931,11898077.53,287.4978277,3.665792488,4.04041E+11,13495030,4.968065369,4.045954021,0.455568011,2.765318896,0.208029408,3.225322918,31,7.267618271
RUSr102,2016_09,19.69831555,281.8638492,0.002106833,5591256.172,281.7465111,3.532890582,4.04041E+11,13495030,4.968065369,4.045954021,0.455568011,2.765318896,0.208029408,3.225322918,30,11.0828073
RUSr102,2016_10,42.58058327,275.1090593,0.001277397,2416662.439,274.933971,3.535439944,4.04041E+11,13495030,4.968065369,4.045954021,0.455568011,2.765318896,0.208029408,3.225322918,31,19.69831555
RUSr102,2016_11,65.79229579,264.942602,0.001761665,724034.9307,265.056188,3.871245204,4.04041E+11,13495030,4.968065369,4.045954021,0.455568011,2.765318896,0.208029408,3.225322918,30,42.58058327
RUSr102,2016_12,78.35756628,261.5120629,0.00173327,219781.6611,261.5154147,4.194618954,4.04041E+11,13495030,4.968065369,4.045954021,0.455568011,2.765318896,0.208029408,3.225322918,31,65.79229579
RUSr102,2017_01,91.10583531,261.3186147,0.001420972,491245.063,260.9122561,4.567045282,4.02706E+11,13654445,4.968065369,4.045954021,0.455568011,2.765318896,0.208029408,3.225322918,31,78.35756628
RUSr102,2017_02,76.46356023,262.3781852,0.001458078,2234716.581,261.8960987,4.040335606,4.02706E+11,13654445,4.968065369,4.045954021,0.455568011,2.765318896,0.208029408,3.225322918,28,91.10583531
RUSr102,2017_03,59.22088142,270.1850718,0.001597433,6450778.266,269.4861216,4.509563464,4.02706E+11,13654445,4.968065369,4.045954021,0.455568011,2.765318896,0.208029408,3.225322918,31,76.46356023
RUSr102,2017_04,47.52676403,269.9500443,0.002138662,12488771.13,269.49769,4.14194021,4.02706E+11,13654445,4.968065369,4.045954021,0.455568011,2.765318896,0.208029408,3.225322918,30,59.22088142
RUSr102,2017_05,34.96308353,274.5419126,0.001724944,18370473.53,274.2083832,3.727739918,4.02706E+11,13654445,4.968065369,4.045954021,0.455568011,2.765318896,0.208029408,3.225322918,31,47.52676403
RUSr102,2017_06,15.39898124,281.8739525,0.002843962,18219020.62,281.9481511,3.669204354,4.02706E+11,13654445,4.968065369,4.045954021,0.455568011,2.765318896,0.208029408,3.225322918,30,34.96308353
RUSr102,2017_07,10.49830866,288.4888633,0.002507057,18739897.56,288.7467013,3.062319352,4.02706E+11,13654445,4.968065369,4.045954021,0.455568011,2.765318896,0.208029408,3.225322918,29,15.39898124
RUSr102,2017_08,13.37001083,285.9745327,0.002960425,11878950.58,286.2263696,3.678094213,4.02706E+11,13654445,4.968065369,4.045954021,0.455568011,2.765318896,0.208029408,3.225322918,31,10.49830866
RUSr102,2017_09,27.40050853,279.9223408,0.002518008,5459760.734,280.0588982,3.634096281,4.02706E+11,13654445,4.968065369,4.045954021,0.455568011,2.765318896,0.208029408,3.225322918,30,13.37001083
RUSr102,2017_10,49.24036669,274.6182751,0.001978376,2215575.997,274.369627,3.722210192,4.02706E+11,13654445,4.968065369,4.045954021,0.455568011,2.765318896,0.208029408,3.225322918,31,27.40050853
RUSr102,2017_11,70.04098694,269.791074,0.002076641,585960.2536,269.4066107,4.246000974,4.02706E+11,13654445,4.968065369,4.045954021,0.455568011,2.765318896,0.208029408,3.225322918,30,49.24036669
RUSr102,2017_12,83.21420656,267.3561527,0.002031955,189651.2125,267.048771,4.259635953,4.02706E+11,13654445,4.968065369,4.045954021,0.455568011,2.765318896,0.208029408,3.225322918,31,70.04098694
RUSr103,2013_02,301.3766585,272.644521,0.000717442,6857767.089,272.737589,3.611013368,2.34535E+11,13982749,4.922995538,3.934443077,0.457986503,2.998713021,0.225876827,2.75931649,28,353.9652687
RUSr103,2013_03,292.4505658,275.6626687,0.001948267,10779865.04,275.7358502,4.654743035,2.34535E+11,13982749,4.922995538,3.934443077,0.457986503,2.998713021,0.225876827,2.75931649,31,301.3766585
RUSr103,2013_04,172.5750992,284.5863447,0.000880338,17649030.25,284.4452948,3.953682627,2.34535E+11,13982749,4.922995538,3.934443077,0.457986503,2.998713021,0.225876827,2.75931649,28,292.4505658
RUSr103,2013_05,106.0464684,294.040834,0.000680611,23471059.14,294.945483,3.461088409,2.34535E+11,13982749,4.922995538,3.934443077,0.457986503,2.998713021,0.225876827,2.75931649,2,172.5750992
RUSr103,2013_09,102.8087375,288.0870795,0.00321054,11697072.84,288.6683518,3.817708587,2.34535E+11,13982749,4.922995538,3.934443077,0.457986503,2.998713021,0.225876827,2.75931649,26,49.08072126
RUSr103,2013_10,182.5915591,281.9981177,0.001664483,7042726.608,282.1881489,3.453926948,2.34535E+11,13982749,4.922995538,3.934443077,0.457986503,2.998713021,0.225876827,2.75931649,31,102.8087375
RUSr103,2013_11,234.1952915,278.6809281,0.000814626,4951533.417,278.5375284,3.893397292,2.34535E+11,13982749,4.922995538,3.934443077,0.457986503,2.998713021,0.225876827,2.75931649,30,182.5915591
RUSr103,2013_12,293.2825518,271.1846678,0.001283233,3431514.994,270.9369552,4.236508266,2.34535E+11,13982749,4.922995538,3.934443077,0.457986503,2.998713021,0.225876827,2.75931649,31,234.1952915
RUSr103,2014_01,418.4310102,267.995607,0.001779559,3979353.712,268.1396253,4.48496129,2.35287E+11,14015282,4.922995538,3.934443077,0.457986503,2.998713021,0.225876827,2.75931649,31,293.2825518
RUSr103,2014_02,341.783443,269.8066234,0.000875444,7210975.319,269.6707635,4.061766828,2.35287E+11,14015282,4.922995538,3.934443077,0.457986503,2.998713021,0.225876827,2.75931649,28,418.4310102
RUSr103,2014_03,271.0484543,276.8048192,0.001673903,12864099.02,276.6286872,4.899832509,2.35287E+11,14015282,4.922995538,3.934443077,0.457986503,2.998713021,0.225876827,2.75931649,31,341.783443
RUSr103,2014_04,188.2466695,283.1893055,0.001206292,17159974.77,283.0788393,4.200122253,2.35287E+11,14015282,4.922995538,3.934443077,0.457986503,2.998713021,0.225876827,2.75931649,30,271.0484543
RUSr103,2014_05,130.0957984,293.328709,0.001483896,21735686.09,293.7838908,3.916275726,2.35287E+11,14015282,4.922995538,3.934443077,0.457986503,2.998713021,0.225876827,2.75931649,9,188.2466695
RUSr103,2014_06,65.32672414,294.7158542,0.001420359,23270039.87,296.0242875,4.112530284,2.35287E+11,14015282,4.922995538,3.934443077,0.457986503,2.998713021,0.225876827,2.75931649,2,130.0957984
RUSr103,2014_09,114.202497,290.0693666,0.001094501,13990208.1,291.1269467,3.992107638,2.35287E+11,14015282,4.922995538,3.934443077,0.457986503,2.998713021,0.225876827,2.75931649,16,55.30831358
RUSr103,2014_10,216.6036508,280.4049761,0.001108635,9406182.048,280.9550851,3.717611399,2.35287E+11,14015282,4.922995538,3.934443077,0.457986503,2.998713021,0.225876827,2.75931649,31,114.202497
RUSr103,2014_11,307.4466431,273.1506548,0.000704412,4708408.39,273.8463951,4.049001602,2.35287E+11,14015282,4.922995538,3.934443077,0.457986503,2.998713021,0.225876827,2.75931649,30,216.6036508
RUSr103,2014_12,357.4037716,271.8654061,0.001754162,3028271.74,271.8468382,4.16078434,2.35287E+11,14015282,4.922995538,3.934443077,0.457986503,2.998713021,0.225876827,2.75931649,31,307.4466431
RUSr103,2015_01,415.5786272,269.1990956,0.00148539,4088482.123,269.0871186,4.604288749,2.27398E+11,14066537,4.922995538,3.934443077,0.457986503,2.998713021,0.225876827,2.75931649,31,357.4037716
RUSr103,2015_02,339.9613901,271.375428,0.00070455,7889777.101,271.3206642,3.996966966,2.27398E+11,14066537,4.922995538,3.934443077,0.457986503,2.998713021,0.225876827,2.75931649,28,415.5786272
RUSr103,2015_03,307.4938128,276.3345933,0.000605687,12366570.04,276.2736272,4.393670327,2.27398E+11,14066537,4.922995538,3.934443077,0.457986503,2.998713021,0.225876827,2.75931649,31,339.9613901
RUSr103,2015_04,220.7697219,283.0314963,0.00204538,17425503.48,282.9406542,4.452394901,2.27398E+11,14066537,4.922995538,3.934443077,0.457986503,2.998713021,0.225876827,2.75931649,29,307.4938128
RUSr103,2015_05,140.5106061,290.3886602,0.00155596,20588862.48,291.12121,3.570373401,2.27398E+11,14066537,4.922995538,3.934443077,0.457986503,2.998713021,0.225876827,2.75931649,20,220.7697219
RUSr103,2015_08,66.33017848,296.8743548,0.000346381,21939572.31,298.7730413,3.676571949,2.27398E+11,14066537,4.922995538,3.934443077,0.457986503,2.998713021,0.225876827,2.75931649,1,45.65116989
RUSr103,2015_09,117.4704111,293.798564,0.000478838,15370984.39,294.6914396,3.633332525,2.27398E+11,14066537,4.922995538,3.934443077,0.457986503,2.998713021,0.225876827,2.75931649,6,66.33017848
RUSr103,2015_10,224.4478193,280.577445,0.001336037,9350440.691,281.5246555,3.798245277,2.27398E+11,14066537,4.922995538,3.934443077,0.457986503,2.998713021,0.225876827,2.75931649,31,117.4704111
RUSr103,2015_11,326.8825198,277.9403247,0.002096035,4341606.208,277.8924822,4.159184947,2.27398E+11,14066537,4.922995538,3.934443077,0.457986503,2.998713021,0.225876827,2.75931649,30,224.4478193
RUSr103,2015_12,381.5137811,274.3533807,0.00166004,2994992.38,274.1951307,5.00819621,2.27398E+11,14066537,4.922995538,3.934443077,0.457986503,2.998713021,0.225876827,2.75931649,31,326.8825198
RUSr103,2016_01,424.2637468,268.2769168,0.002185953,4020755.865,268.5066877,4.081775746,2.29766E+11,14051315,4.922995538,3.934443077,0.457986503,2.998713021,0.225876827,2.75931649,31,381.5137811
RUSr103,2016_02,352.4461226,275.4587541,0.001362807,6620259.324,275.0439275,4.14957528,2.29766E+11,14051315,4.922995538,3.934443077,0.457986503,2.998713021,0.225876827,2.75931649,29,424.2637468
RUSr103,2016_03,314.8152673,278.0672959,0.001600667,9751508.571,278.2434521,3.923099891,2.29766E+11,14051315,4.922995538,3.934443077,0.457986503,2.998713021,0.225876827,2.75931649,31,352.4461226
RUSr103,2016_04,211.1153053,285.6287824,0.001179928,17453941.59,285.5764696,4.272669564,2.29766E+11,14051315,4.922995538,3.934443077,0.457986503,2.998713021,0.225876827,2.75931649,30,314.8152673
RUSr103,2016_05,147.7052381,290.0692826,0.003192935,18562197.95,290.3227874,3.047873424,2.29766E+11,14051315,4.922995538,3.934443077,0.457986503,2.998713021,0.225876827,2.75931649,21,211.1153053
RUSr103,2016_06,61.61645793,295.4545625,0.001164734,22619428.85,296.30456,2.997153904,2.29766E+11,14051315,4.922995538,3.934443077,0.457986503,2.998713021,0.225876827,2.75931649,9,147.7052381
RUSr103,2016_09,107.1498182,288.8787139,0.001696753,13132940.72,290.0085989,3.652118404,2.29766E+11,14051315,4.922995538,3.934443077,0.457986503,2.998713021,0.225876827,2.75931649,21,60.27246726
RUSr103,2016_10,231.4931709,280.7723632,0.000896552,8288351.479,281.3243143,3.929936335,2.29766E+11,14051315,4.922995538,3.934443077,0.457986503,2.998713021,0.225876827,2.75931649,31,107.1498182
RUSr103,2016_11,357.8217376,274.6880708,0.001334975,4747820.215,274.77897,4.079988049,2.29766E+11,14051315,4.922995538,3.934443077,0.457986503,2.998713021,0.225876827,2.75931649,30,231.4931709
RUSr103,2016_12,426.2252671,268.0194365,0.001759277,3375238.568,268.1492606,4.003530175,2.29766E+11,14051315,4.922995538,3.934443077,0.457986503,2.998713021,0.225876827,2.75931649,31,357.8217376
RUSr103,2017_01,483.6680801,269.1391366,0.000885423,4283712.401,269.3181567,4.003121172,2.31467E+11,14185433,4.922995538,3.934443077,0.457986503,2.998713021,0.225876827,2.75931649,31,426.2252671
RUSr103,2017_02,406.0068836,269.1579669,0.001686361,7940128.681,268.894531,4.438868732,2.31467E+11,14185433,4.922995538,3.934443077,0.457986503,2.998713021,0.225876827,2.75931649,28,483.6680801
RUSr103,2017_03,314.4420727,277.8275825,0.001248077,12191412.79,277.5746684,4.368211047,2.31467E+11,14185433,4.922995538,3.934443077,0.457986503,2.998713021,0.225876827,2.75931649,31,406.0068836
RUSr103,2017_04,252.2616528,283.1520768,0.00162096,17697165.94,283.3189943,4.246749284,2.31467E+11,14185433,4.922995538,3.934443077,0.457986503,2.998713021,0.225876827,2.75931649,30,314.4420727
RUSr103,2017_05,185.7026001,289.0269928,0.001994996,19771827.1,289.5784269,3.338213837,2.31467E+11,14185433,4.922995538,3.934443077,0.457986503,2.998713021,0.225876827,2.75931649,24,252.2616528
RUSr103,2017_06,81.77423916,293.7450319,0.001627892,22260684.1,294.8198196,3.291577019,2.31467E+11,14185433,4.922995538,3.934443077,0.457986503,2.998713021,0.225876827,2.75931649,4,185.7026001
RUSr103,2017_09,145.5380458,292.0243616,0.000670866,15794806.69,293.0048482,3.96655465,2.31467E+11,14185433,4.922995538,3.934443077,0.457986503,2.998713021,0.225876827,2.75931649,8,71.02487068
RUSr103,2017_10,261.5441937,282.6599751,0.001844081,7840603.314,283.4053831,4.089350496,2.31467E+11,14185433,4.922995538,3.934443077,0.457986503,2.998713021,0.225876827,2.75931649,31,145.5380458
RUSr103,2017_11,372.0075757,276.7728693,0.000965675,4078183.169,277.1094064,3.59237206,2.31467E+11,14185433,4.922995538,3.934443077,0.457986503,2.998713021,0.225876827,2.75931649,30,261.5441937
RUSr103,2017_12,441.9613116,274.6087884,0.001904761,3020444.996,274.2791467,4.193097969,2.31467E+11,14185433,4.922995538,3.934443077,0.457986503,2.998713021,0.225876827,2.75931649,31,372.0075757
RUSr104,2013_02,581.9651135,274.5753201,0.001027085,7697947.036,273.8690492,2.540907318,98455415882,9461911,4.509047453,3.472075697,0.473954312,3.369034812,0.23688856,2.688032213,28,683.6265727
RUSr104,2013_03,564.6063023,277.3383774,0.002617581,13384547.51,276.5742637,2.873863694,98455415882,9461911,4.509047453,3.472075697,0.473954312,3.369034812,0.23688856,2.688032213,31,581.9651135
RUSr104,2013_04,333.2960024,283.2730315,0.002362966,17040152.5,282.6293945,2.94363564,98455415882,9461911,4.509047453,3.472075697,0.473954312,3.369034812,0.23688856,2.688032213,30,564.6063023
RUSr104,2013_05,204.7926096,290.1263541,0.002536553,22195581.89,290.0124019,2.606251045,98455415882,9461911,4.509047453,3.472075697,0.473954312,3.369034812,0.23688856,2.688032213,24,333.2960024
RUSr104,2013_06,102.4401107,293.3445202,0.002784578,22440645.7,293.6880683,2.448973716,98455415882,9461911,4.509047453,3.472075697,0.473954312,3.369034812,0.23688856,2.688032213,6,204.7926096
RUSr104,2013_08,94.7379242,294.0226656,0.002473504,19824829.25,294.3554365,2.581402991,98455415882,9461911,4.509047453,3.472075697,0.473954312,3.369034812,0.23688856,2.688032213,2,64.04339474
RUSr104,2013_09,198.3357184,287.9737394,0.004064686,12649941.87,287.8580679,2.437446473,98455415882,9461911,4.509047453,3.472075697,0.473954312,3.369034812,0.23688856,2.688032213,29,94.7379242
RUSr104,2013_10,352.5526936,281.9422194,0.00203244,9675118.68,281.1539581,2.286760453,98455415882,9461911,4.509047453,3.472075697,0.473954312,3.369034812,0.23688856,2.688032213,31,198.3357184
RUSr104,2013_11,452.2448623,278.6668221,0.000742147,6534306.218,278.0170653,2.481614372,98455415882,9461911,4.509047453,3.472075697,0.473954312,3.369034812,0.23688856,2.688032213,30,352.5526936
RUSr104,2013_12,566.8900584,270.4156712,0.000945642,5854833.215,268.3966715,2.588296675,98455415882,9461911,4.509047453,3.472075697,0.473954312,3.369034812,0.23688856,2.688032213,31,452.2448623
RUSr104,2014_01,795.069218,270.6712689,0.001833245,5616808.977,269.4346657,2.900294269,1.01306E+11,9534252,4.509047453,3.472075697,0.473954312,3.369034812,0.23688856,2.688032213,31,566.8900584
RUSr104,2014_02,649.5820168,271.2427847,0.000937559,9430478.997,269.8192668,2.76860462,1.01306E+11,9534252,4.509047453,3.472075697,0.473954312,3.369034812,0.23688856,2.688032213,28,795.069218
RUSr104,2014_03,515.1157609,277.4418746,0.001959174,14301292.2,276.6530795,3.320629321,1.01306E+11,9534252,4.509047453,3.472075697,0.473954312,3.369034812,0.23688856,2.688032213,31,649.5820168
RUSr104,2014_04,357.6669206,282.2211624,0.002454644,17975904.32,281.795882,2.73419391,1.01306E+11,9534252,4.509047453,3.472075697,0.473954312,3.369034812,0.23688856,2.688032213,30,515.1157609
RUSr104,2014_05,247.01352,290.437053,0.003501118,20295211.93,290.3133916,2.75418687,1.01306E+11,9534252,4.509047453,3.472075697,0.473954312,3.369034812,0.23688856,2.688032213,17,357.6669206
RUSr104,2014_06,124.0506436,292.9511594,0.002661406,22373308.41,293.5155153,2.896702895,1.01306E+11,9534252,4.509047453,3.472075697,0.473954312,3.369034812,0.23688856,2.688032213,3,247.01352
RUSr104,2014_09,216.7888264,289.4750302,0.003426133,12973987.31,289.7672067,2.873770965,1.01306E+11,9534252,4.509047453,3.472075697,0.473954312,3.369034812,0.23688856,2.688032213,16,104.9843146
RUSr104,2014_10,411.4409878,281.0920496,0.001695299,9920824.607,280.8739515,2.681518611,1.01306E+11,9534252,4.509047453,3.472075697,0.473954312,3.369034812,0.23688856,2.688032213,31,216.7888264
RUSr104,2014_11,584.2064375,275.2803622,0.001380533,5824231.498,274.7564915,2.929033981,1.01306E+11,9534252,4.509047453,3.472075697,0.473954312,3.369034812,0.23688856,2.688032213,30,411.4409878
RUSr104,2014_12,679.0899982,273.7683132,0.000977412,4932523.512,272.2712384,2.647693475,1.01306E+11,9534252,4.509047453,3.472075697,0.473954312,3.369034812,0.23688856,2.688032213,31,584.2064375
RUSr104,2015_01,805.6071807,271.0576683,0.001026116,6056591.63,269.6807071,2.741025442,97032166221,9462014,4.509047453,3.472075697,0.473954312,3.369034812,0.23688856,2.688032213,31,679.0899982
RUSr104,2015_02,658.9520604,272.7407076,0.000980972,9224827.353,271.8940455,2.702514704,97032166221,9462014,4.509047453,3.472075697,0.473954312,3.369034812,0.23688856,2.688032213,28,805.6071807
RUSr104,2015_03,596.1011731,276.4617788,0.001745224,11918642.92,275.8309023,2.893407376,97032166221,9462014,4.509047453,3.472075697,0.473954312,3.369034812,0.23688856,2.688032213,31,658.9520604
RUSr104,2015_04,427.9210434,281.0870153,0.003043128,18084906.24,280.3471782,2.811900848,97032166221,9462014,4.509047453,3.472075697,0.473954312,3.369034812,0.23688856,2.688032213,30,596.1011731
RUSr104,2015_05,272.2364028,288.0877146,0.002991396,19965649.53,287.854499,2.507940994,97032166221,9462014,4.509047453,3.472075697,0.473954312,3.369034812,0.23688856,2.688032213,24,427.9210434
RUSr104,2015_06,120.4173911,294.3703852,0.003347158,22616371.54,295.129235,2.309912682,97032166221,9462014,4.509047453,3.472075697,0.473954312,3.369034812,0.23688856,2.688032213,2,272.2364028
RUSr104,2015_08,128.4553678,295.59869,0.001993135,20442389.12,296.5289935,2.837908591,97032166221,9462014,4.509047453,3.472075697,0.473954312,3.369034812,0.23688856,2.688032213,2,88.41099325
RUSr104,2015_09,227.4720423,292.7693195,0.001143692,15699167.21,292.867314,2.896385832,97032166221,9462014,4.509047453,3.472075697,0.473954312,3.369034812,0.23688856,2.688032213,9,128.4553678
RUSr104,2015_10,434.7768409,282.0487802,0.002158269,9123775.789,282.469472,2.573445812,97032166221,9462014,4.509047453,3.472075697,0.473954312,3.369034812,0.23688856,2.688032213,31,227.4720423
RUSr104,2015_11,633.5053283,277.700429,0.001526993,6867596.251,276.4143574,2.651573302,97032166221,9462014,4.509047453,3.472075697,0.473954312,3.369034812,0.23688856,2.688032213,30,434.7768409
RUSr104,2015_12,739.7145873,274.0008301,0.001933762,4865943.234,272.1760303,3.260055346,97032166221,9462014,4.509047453,3.472075697,0.473954312,3.369034812,0.23688856,2.688032213,31,633.5053283
RUSr104,2016_01,821.5166758,270.093472,0.002419085,5674186.772,268.8078611,2.634153937,96265784914,9410302,4.509047453,3.472075697,0.473954312,3.369034812,0.23688856,2.688032213,31,739.7145873
RUSr104,2016_02,682.3680765,275.4509884,0.001208907,9300836.541,274.0926345,2.585728604,96265784914,9410302,4.509047453,3.472075697,0.473954312,3.369034812,0.23688856,2.688032213,29,821.5166758
RUSr104,2016_03,609.4570191,277.7007672,0.002443584,12054006.58,277.0876155,2.706555373,96265784914,9410302,4.509047453,3.472075697,0.473954312,3.369034812,0.23688856,2.688032213,31,682.3680765
RUSr104,2016_04,408.7061098,284.182449,0.002143016,19305524.38,283.485065,2.847896707,96265784914,9410302,4.509047453,3.472075697,0.473954312,3.369034812,0.23688856,2.688032213,30,609.4570191
RUSr104,2016_05,285.8172737,288.0058832,0.003823611,19300363.83,287.7598394,2.30849128,96265784914,9410302,4.509047453,3.472075697,0.473954312,3.369034812,0.23688856,2.688032213,30,408.7061098
RUSr104,2016_06,119.258032,292.7870542,0.004482892,20998066.27,292.7440189,2.250867401,96265784914,9410302,4.509047453,3.472075697,0.473954312,3.369034812,0.23688856,2.688032213,12,285.8172737
RUSr104,2016_07,76.49827444,294.9728532,0.003869822,21267224.5,295.3967873,2.356264156,96265784914,9410302,4.509047453,3.472075697,0.473954312,3.369034812,0.23688856,2.688032213,1,119.258032
RUSr104,2016_09,207.334542,288.8985466,0.002481051,14209566.43,289.2099944,2.409239714,96265784914,9410302,4.509047453,3.472075697,0.473954312,3.369034812,0.23688856,2.688032213,20,116.5785527
RUSr104,2016_10,448.1175001,280.9821759,0.002280012,8604067.063,280.9018255,2.945043825,96265784914,9410302,4.509047453,3.472075697,0.473954312,3.369034812,0.23688856,2.688032213,31,207.334542
RUSr104,2016_11,692.7807027,275.6620091,0.001445059,6620731.142,274.31197,2.719445249,96265784914,9410302,4.509047453,3.472075697,0.473954312,3.369034812,0.23688856,2.688032213,30,448.1175001
RUSr104,2016_12,825.5075211,268.7589926,0.001686329,5099722.772,267.193935,2.57496789,96265784914,9410302,4.509047453,3.472075697,0.473954312,3.369034812,0.23688856,2.688032213,31,692.7807027
RUSr104,2017_01,941.8733313,269.7875469,0.00087349,6264352.106,268.4964392,2.473050054,95116081257,9492902,4.509047453,3.472075697,0.473954312,3.369034812,0.23688856,2.688032213,31,825.5075211
RUSr104,2017_02,790.758642,270.4113602,0.000919836,10575773.99,269.181316,2.559524465,95116081257,9492902,4.509047453,3.472075697,0.473954312,3.369034812,0.23688856,2.688032213,28,941.8733313
RUSr104,2017_03,612.2993433,277.5277958,0.001724271,13088953.94,276.8318117,3.11551333,95116081257,9492902,4.509047453,3.472075697,0.473954312,3.369034812,0.23688856,2.688032213,31,790.758642
RUSr104,2017_04,491.136726,281.9186228,0.002121551,19320267.62,281.4627294,3.019836915,95116081257,9492902,4.509047453,3.472075697,0.473954312,3.369034812,0.23688856,2.688032213,30,612.2993433
RUSr104,2017_05,361.3501883,287.233936,0.004721097,17926074.72,287.1279797,2.260833298,95116081257,9492902,4.509047453,3.472075697,0.473954312,3.369034812,0.23688856,2.688032213,31,491.136726
RUSr104,2017_06,159.1445668,291.9351712,0.003591859,21798792.03,292.2191069,2.475169262,95116081257,9492902,4.509047453,3.472075697,0.473954312,3.369034812,0.23688856,2.688032213,13,361.3501883
RUSr104,2017_09,283.1358182,291.8606068,0.000956545,16625259.57,292.3831774,2.801140363,95116081257,9492902,4.509047453,3.472075697,0.473954312,3.369034812,0.23688856,2.688032213,8,138.1649964
RUSr104,2017_10,509.0357286,282.5569777,0.002697085,9585292.251,282.4809447,2.634971977,95116081257,9492902,4.509047453,3.472075697,0.473954312,3.369034812,0.23688856,2.688032213,31,283.1358182
RUSr104,2017_11,724.1767383,276.9076182,0.000984633,6082580.277,276.2346916,2.423395118,95116081257,9492902,4.509047453,3.472075697,0.473954312,3.369034812,0.23688856,2.688032213,30,509.0357286
RUSr104,2017_12,860.504768,275.0852072,0.001925547,4803556.964,273.550353,2.780817069,95116081257,9492902,4.509047453,3.472075697,0.473954312,3.369034812,0.23688856,2.688032213,31,724.1767383
RUSr105,2013_02,266.4537693,264.6331366,0.000856903,5396629.622,264.4071177,3.606803662,5.94429E+11,29946330,5.009685719,3.782444006,0.461633651,2.743838118,0.263735102,2.735890179,28,312.9253514
RUSr105,2013_03,258.5275557,265.1953678,0.002301661,9890718.986,265.053692,4.050237076,5.94429E+11,29946330,5.009685719,3.782444006,0.461633651,2.743838118,0.263735102,2.735890179,31,266.4537693
RUSr105,2013_04,152.5872991,278.7939014,0.00147262,14811892.97,277.851551,3.484810517,5.94429E+11,29946330,5.009685719,3.782444006,0.461633651,2.743838118,0.263735102,2.735890179,30,258.5275557
RUSr105,2013_05,93.79574259,287.0301605,0.001324534,20542368.65,286.8514322,3.468536957,5.94429E+11,29946330,5.009685719,3.782444006,0.461633651,2.743838118,0.263735102,2.735890179,24,152.5872991
RUSr105,2013_06,46.92452644,292.1985837,0.001379279,23333160.65,293.0324649,3.180024895,5.94429E+11,29946330,5.009685719,3.782444006,0.461633651,2.743838118,0.263735102,2.735890179,13,93.79574259
RUSr105,2013_07,29.33484609,292.8108554,0.002433629,20785946.38,293.8962295,2.661624509,5.94429E+11,29946330,5.009685719,3.782444006,0.461633651,2.743838118,0.263735102,2.735890179,5,46.92452644
RUSr105,2013_08,43.4061,291.3270478,0.002013508,15806335.35,291.735015,2.977229698,5.94429E+11,29946330,5.009685719,3.782444006,0.461633651,2.743838118,0.263735102,2.735890179,12,29.33484609
RUSr105,2013_09,90.89296948,284.3020813,0.00326864,8263522.351,284.5412202,3.352898894,5.94429E+11,29946330,5.009685719,3.782444006,0.461633651,2.743838118,0.263735102,2.735890179,30,43.4061
RUSr105,2013_10,161.4391712,277.0128265,0.002357828,4245963.027,276.8546679,3.964104343,5.94429E+11,29946330,5.009685719,3.782444006,0.461633651,2.743838118,0.263735102,2.735890179,31,90.89296948
RUSr105,2013_11,207.06889,274.7719017,0.001786913,2238828.973,274.3764104,4.16051691,5.94429E+11,29946330,5.009685719,3.782444006,0.461633651,2.743838118,0.263735102,2.735890179,30,161.4391712
RUSr105,2013_12,259.2646303,266.5727975,0.002057273,1378440.649,266.523845,4.240999054,5.94429E+11,29946330,5.009685719,3.782444006,0.461633651,2.743838118,0.263735102,2.735890179,31,207.06889
RUSr105,2014_01,371.2816016,259.9718462,0.001633359,2417934.703,259.6950345,3.645045173,5.85247E+11,29937314,5.009685719,3.782444006,0.461633651,2.743838118,0.263735102,2.735890179,31,259.2646303
RUSr105,2014_02,303.2885814,260.9490577,0.001208011,4988404.108,260.5865026,3.333423873,5.85247E+11,29937314,5.009685719,3.782444006,0.461633651,2.743838118,0.263735102,2.735890179,28,371.2816016
RUSr105,2014_03,240.529693,271.4232813,0.001447943,10238277.73,270.6978323,4.139943406,5.85247E+11,29937314,5.009685719,3.782444006,0.461633651,2.743838118,0.263735102,2.735890179,31,303.2885814
RUSr105,2014_04,167.0489757,276.6084112,0.001287735,16514185.95,275.8883692,3.917501832,5.85247E+11,29937314,5.009685719,3.782444006,0.461633651,2.743838118,0.263735102,2.735890179,30,240.529693
RUSr105,2014_05,115.4647132,288.548546,0.000794921,22081951.14,288.7895211,3.436651763,5.85247E+11,29937314,5.009685719,3.782444006,0.461633651,2.743838118,0.263735102,2.735890179,20,167.0489757
RUSr105,2014_06,57.97571159,289.5018602,0.002689848,20205938.59,290.4492056,3.396338428,5.85247E+11,29937314,5.009685719,3.782444006,0.461633651,2.743838118,0.263735102,2.735890179,21,115.4647132
RUSr105,2014_07,39.53633327,290.2959226,0.001300295,20136140.11,291.1943401,3.373064969,5.85247E+11,29937314,5.009685719,3.782444006,0.461633651,2.743838118,0.263735102,2.735890179,19,57.97571159
RUSr105,2014_08,49.08868655,292.0518233,0.002203621,16006617.95,292.8743187,2.993416039,5.85247E+11,29937314,5.009685719,3.782444006,0.461633651,2.743838118,0.263735102,2.735890179,9,39.53633327
RUSr105,2014_09,101.3520062,284.0806862,0.000964104,11165704.54,284.6460967,2.996316865,5.85247E+11,29937314,5.009685719,3.782444006,0.461633651,2.743838118,0.263735102,2.735890179,30,49.08868655
RUSr105,2014_10,192.2019376,274.1228324,0.002284993,4543307.459,274.3501389,3.997241201,5.85247E+11,29937314,5.009685719,3.782444006,0.461633651,2.743838118,0.263735102,2.735890179,31,101.3520062
RUSr105,2014_11,272.809967,268.6737862,0.001004822,2346083.459,269.0488026,3.052045332,5.85247E+11,29937314,5.009685719,3.782444006,0.461633651,2.743838118,0.263735102,2.735890179,30,192.2019376
RUSr105,2014_12,317.125014,265.3663841,0.0020589,1411219.027,265.5150468,4.020905662,5.85247E+11,29937314,5.009685719,3.782444006,0.461633651,2.743838118,0.263735102,2.735890179,31,272.809967
RUSr105,2015_01,368.4048411,261.4821666,0.001509024,2394945.297,261.1970023,4.250505138,5.654E+11,30077889,5.009685719,3.782444006,0.461633651,2.743838118,0.263735102,2.735890179,31,317.125014
RUSr105,2015_02,301.360725,265.7839055,0.001301332,4974182.486,265.3982214,4.036280198,5.654E+11,30077889,5.009685719,3.782444006,0.461633651,2.743838118,0.263735102,2.735890179,28,368.4048411
RUSr105,2015_03,272.5936067,269.9677887,0.000488462,11916090.62,268.9289526,3.596169897,5.654E+11,30077889,5.009685719,3.782444006,0.461633651,2.743838118,0.263735102,2.735890179,31,301.360725
RUSr105,2015_04,195.7084349,277.5925681,0.002069326,15173878.27,276.8534158,3.891825264,5.654E+11,30077889,5.009685719,3.782444006,0.461633651,2.743838118,0.263735102,2.735890179,30,272.5936067
RUSr105,2015_05,124.5739088,287.7709658,0.001523649,20356958.92,287.375697,3.249644171,5.654E+11,30077889,5.009685719,3.782444006,0.461633651,2.743838118,0.263735102,2.735890179,26,195.7084349
RUSr105,2015_06,55.12376707,292.91533,0.00175917,22310771.03,293.8998603,3.256927571,5.654E+11,30077889,5.009685719,3.782444006,0.461633651,2.743838118,0.263735102,2.735890179,10,124.5739088
RUSr105,2015_07,40.47548538,290.2050387,0.003134259,18264268.11,290.9031875,3.416948061,5.654E+11,30077889,5.009685719,3.782444006,0.461633651,2.743838118,0.263735102,2.735890179,22,55.12376707
RUSr105,2015_08,58.81375844,288.2722272,0.002257356,15042446.49,289.0041479,3.416372209,5.654E+11,30077889,5.009685719,3.782444006,0.461633651,2.743838118,0.263735102,2.735890179,26,40.47548538
RUSr105,2015_09,104.1572229,287.123556,0.001024602,11196763.84,287.2416497,2.879122373,5.654E+11,30077889,5.009685719,3.782444006,0.461633651,2.743838118,0.263735102,2.735890179,28,58.81375844
RUSr105,2015_10,198.9605981,274.7630569,0.002532541,5115529.73,274.6825479,4.070788499,5.654E+11,30077889,5.009685719,3.782444006,0.461633651,2.743838118,0.263735102,2.735890179,31,104.1572229
RUSr105,2015_11,289.7931525,270.0438307,0.002524672,2100637.838,269.8582096,3.842964572,5.654E+11,30077889,5.009685719,3.782444006,0.461633651,2.743838118,0.263735102,2.735890179,30,198.9605981
RUSr105,2015_12,338.2090649,268.1816016,0.002170718,1315762.595,267.8980292,4.059353366,5.654E+11,30077889,5.009685719,3.782444006,0.461633651,2.743838118,0.263735102,2.735890179,31,289.7931525
RUSr105,2016_01,373.6457232,260.0557513,0.002057697,2181089.297,260.1653541,3.973749483,5.51303E+11,30164785,5.009685719,3.782444006,0.461633651,2.743838118,0.263735102,2.735890179,31,338.2090649
RUSr105,2016_02,310.4356808,269.6506222,0.001837495,4578893.838,269.0206002,4.109641462,5.51303E+11,30164785,5.009685719,3.782444006,0.461633651,2.743838118,0.263735102,2.735890179,29,373.6457232
RUSr105,2016_03,277.2788469,271.0354931,0.001376444,9196369.798,270.430288,3.420078149,5.51303E+11,30164785,5.009685719,3.782444006,0.461633651,2.743838118,0.263735102,2.735890179,31,310.4356808
RUSr105,2016_04,185.9616628,280.5667567,0.002004271,14360131.03,279.6602725,3.583262998,5.51303E+11,30164785,5.009685719,3.782444006,0.461633651,2.743838118,0.263735102,2.735890179,30,277.2788469
RUSr105,2016_05,130.1104302,286.9839686,0.001224638,20362211.03,286.9016831,3.188104127,5.51303E+11,30164785,5.009685719,3.782444006,0.461633651,2.743838118,0.263735102,2.735890179,26,185.9616628
RUSr105,2016_06,54.27701822,290.2917916,0.00161075,21257518.7,291.2198066,2.955398257,5.51303E+11,30164785,5.009685719,3.782444006,0.461633651,2.743838118,0.263735102,2.735890179,18,130.1104302
RUSr105,2016_07,34.81913821,293.8515642,0.001552686,21268193.51,294.8080172,2.933287305,5.51303E+11,30164785,5.009685719,3.782444006,0.461633651,2.743838118,0.263735102,2.735890179,1,54.27701822
RUSr105,2016_08,53.09666297,295.0846931,0.00109478,18270793.51,296.0405975,2.898957549,5.51303E+11,30164785,5.009685719,3.782444006,0.461633651,2.743838118,0.263735102,2.735890179,5,34.81913821
RUSr105,2016_09,94.37680094,284.1347143,0.003071142,8365859.957,284.368442,3.428030968,5.51303E+11,30164785,5.009685719,3.782444006,0.461633651,2.743838118,0.263735102,2.735890179,30,53.09666297
RUSr105,2016_10,203.8850507,275.8615842,0.001051663,4960335.784,275.940541,2.925768234,5.51303E+11,30164785,5.009685719,3.782444006,0.461633651,2.743838118,0.263735102,2.735890179,31,94.37680094
RUSr105,2016_11,315.1640708,266.3425355,0.002000292,2515215.568,266.2308258,3.656661897,5.51303E+11,30164785,5.009685719,3.782444006,0.461633651,2.743838118,0.263735102,2.735890179,30,203.8850507
RUSr105,2016_12,375.3943698,260.1004846,0.001589798,1597750.919,260.2097574,3.718883888,5.51303E+11,30164785,5.009685719,3.782444006,0.461633651,2.743838118,0.263735102,2.735890179,31,315.1640708
RUSr105,2017_01,433.0798588,260.3912123,0.001316009,2337354.811,260.5400712,3.668051178,5.53445E+11,30464203,5.009685719,3.782444006,0.461633651,2.743838118,0.263735102,2.735890179,31,375.3943698
RUSr105,2017_02,363.5560074,263.3349425,0.001897813,4792968,262.917365,4.308857145,5.53445E+11,30464203,5.009685719,3.782444006,0.461633651,2.743838118,0.263735102,2.735890179,28,433.0798588
RUSr105,2017_03,281.5843024,270.9301853,0.001051953,10658359.43,270.3507674,4.098006807,5.53445E+11,30464203,5.009685719,3.782444006,0.461633651,2.743838118,0.263735102,2.735890179,31,363.5560074
RUSr105,2017_04,225.8956152,277.1736491,0.001987382,14819678.92,276.3313904,4.209848623,5.53445E+11,30464203,5.009685719,3.782444006,0.461633651,2.743838118,0.263735102,2.735890179,30,281.5843024
RUSr105,2017_05,166.3049692,283.1027968,0.001995263,18871567.57,283.1284642,3.49499562,5.53445E+11,30464203,5.009685719,3.782444006,0.461633651,2.743838118,0.263735102,2.735890179,31,225.8956152
RUSr105,2017_06,73.23571606,287.8680871,0.00343105,19713499.24,288.2920029,3.317751073,5.53445E+11,30464203,5.009685719,3.782444006,0.461633651,2.743838118,0.263735102,2.735890179,28,166.3049692
RUSr105,2017_07,49.91441568,291.7858073,0.003168784,19462979.03,292.281834,2.942773445,5.53445E+11,30464203,5.009685719,3.782444006,0.461633651,2.743838118,0.263735102,2.735890179,11,73.23571606
RUSr105,2017_08,63.61133585,291.5287387,0.001184853,17438689.73,292.2061001,3.04105432,5.53445E+11,30464203,5.009685719,3.782444006,0.461633651,2.743838118,0.263735102,2.735890179,16,49.91441568
RUSr105,2017_09,130.3424397,284.4808,0.001780004,9838463.514,284.9735157,3.630636444,5.53445E+11,30464203,5.009685719,3.782444006,0.461633651,2.743838118,0.263735102,2.735890179,29,63.61133585
RUSr105,2017_10,234.2127668,276.8471505,0.002081999,4949029.405,276.6269168,3.530709189,5.53445E+11,30464203,5.009685719,3.782444006,0.461633651,2.743838118,0.263735102,2.735890179,31,130.3424397
RUSr105,2017_11,333.1240008,272.1932911,0.001493678,2002562.595,272.0214093,3.308770432,5.53445E+11,30464203,5.009685719,3.782444006,0.461633651,2.743838118,0.263735102,2.735890179,30,234.2127668
RUSr105,2017_12,395.7875951,266.9921358,0.001703339,1383537.73,266.6748962,3.833588793,5.53445E+11,30464203,5.009685719,3.782444006,0.461633651,2.743838118,0.263735102,2.735890179,31,333.1240008
RUSr106,2013_02,55.58365542,256.949281,0.000857566,3259651.317,256.6037372,4.559868694,6.03247E+11,11922824,4.837019627,3.800826508,0.463922946,2.718265979,0.241940516,3.05663356,28,65.27734254
RUSr106,2013_03,53.91905205,254.4333848,0.000954979,8751375.098,254.0041603,4.021078396,6.03247E+11,11922824,4.837019627,3.800826508,0.463922946,2.718265979,0.241940516,3.05663356,31,55.58365542
RUSr106,2013_04,31.82072126,271.0084023,0.00129814,13810243.78,270.4277308,4.610165416,6.03247E+11,11922824,4.837019627,3.800826508,0.463922946,2.718265979,0.241940516,3.05663356,30,53.91905205
RUSr106,2013_05,19.55928201,276.0983841,0.001621896,18121169.98,276.2858941,4.435950035,6.03247E+11,11922824,4.837019627,3.800826508,0.463922946,2.718265979,0.241940516,3.05663356,31,31.82072126
RUSr106,2013_06,9.784174454,285.1935675,0.00162331,20245599.35,285.7848064,4.103251863,6.03247E+11,11922824,4.837019627,3.800826508,0.463922946,2.718265979,0.241940516,3.05663356,30,19.55928201
RUSr106,2013_07,6.116482059,291.4364929,0.001636145,19849995.71,292.0147439,3.237716897,6.03247E+11,11922824,4.837019627,3.800826508,0.463922946,2.718265979,0.241940516,3.05663356,15,9.784174454
RUSr106,2013_08,9.050303272,286.7087411,0.001922604,12810790.35,287.1911659,3.488386448,6.03247E+11,11922824,4.837019627,3.800826508,0.463922946,2.718265979,0.241940516,3.05663356,31,6.116482059
RUSr106,2013_09,18.95401573,279.1271712,0.001556279,7153916.535,279.1520114,3.72640084,6.03247E+11,11922824,4.837019627,3.800826508,0.463922946,2.718265979,0.241940516,3.05663356,30,9.050303272
RUSr106,2013_10,33.67067599,270.2834246,0.002344907,3225037.215,269.8409724,4.722245901,6.03247E+11,11922824,4.837019627,3.800826508,0.463922946,2.718265979,0.241940516,3.05663356,31,18.95401573
RUSr106,2013_11,43.19069309,266.5769184,0.001596611,1056646.115,266.3923293,4.834908833,6.03247E+11,11922824,4.837019627,3.800826508,0.463922946,2.718265979,0.241940516,3.05663356,30,33.67067599
RUSr106,2013_12,54.08486455,257.6500509,0.001309993,481683.1741,258.1772826,4.495162241,6.03247E+11,11922824,4.837019627,3.800826508,0.463922946,2.718265979,0.241940516,3.05663356,31,43.19069309
RUSr106,2014_01,77.41094307,247.786227,0.00089925,982529.451,247.4232198,3.752143341,5.95359E+11,11992304,4.837019627,3.800826508,0.463922946,2.718265979,0.241940516,3.05663356,31,54.08486455
RUSr106,2014_02,63.24434082,248.9148593,0.000506696,3359275.945,248.2623856,3.555089593,5.95359E+11,11992304,4.837019627,3.800826508,0.463922946,2.718265979,0.241940516,3.05663356,28,77.41094307
RUSr106,2014_03,50.14797,266.1636008,0.001463075,7558769.74,265.828152,4.823796177,5.95359E+11,11992304,4.837019627,3.800826508,0.463922946,2.718265979,0.241940516,3.05663356,31,63.24434082
RUSr106,2014_04,34.82353901,270.1770167,0.001683064,14351316.99,269.5173016,5.31942803,5.95359E+11,11992304,4.837019627,3.800826508,0.463922946,2.718265979,0.241940516,3.05663356,30,50.14797
RUSr106,2014_05,24.06324079,277.4848627,0.001806034,18157134.67,277.2931764,4.941635925,5.95359E+11,11992304,4.837019627,3.800826508,0.463922946,2.718265979,0.241940516,3.05663356,31,34.82353901
RUSr106,2014_06,12.08157513,285.1403341,0.002217663,19529686.34,285.2852987,4.24928858,5.95359E+11,11992304,4.837019627,3.800826508,0.463922946,2.718265979,0.241940516,3.05663356,27,24.06324079
RUSr106,2014_07,8.240083829,285.9998108,0.003394919,15641967.83,286.2913081,3.952010826,5.95359E+11,11992304,4.837019627,3.800826508,0.463922946,2.718265979,0.241940516,3.05663356,29,12.08157513
RUSr106,2014_08,10.229496,285.9851924,0.002173947,12726869.2,286.1411064,3.788531309,5.95359E+11,11992304,4.837019627,3.800826508,0.463922946,2.718265979,0.241940516,3.05663356,31,8.240083829
RUSr106,2014_09,21.1260492,278.1404254,0.002124891,7191137.344,277.9211643,4.280010809,5.95359E+11,11992304,4.837019627,3.800826508,0.463922946,2.718265979,0.241940516,3.05663356,30,10.229496
RUSr106,2014_10,40.06846323,267.5714399,0.001882844,3242945.399,267.4378645,4.094609343,5.95359E+11,11992304,4.837019627,3.800826508,0.463922946,2.718265979,0.241940516,3.05663356,31,21.1260492
RUSr106,2014_11,56.878186,259.6924864,0.001376952,1277362.682,259.3917444,5.112011886,5.95359E+11,11992304,4.837019627,3.800826508,0.463922946,2.718265979,0.241940516,3.05663356,30,40.06846323
RUSr106,2014_12,66.1198092,258.6405841,0.001150183,500219.0251,258.6024184,4.64083783,5.95359E+11,11992304,4.837019627,3.800826508,0.463922946,2.718265979,0.241940516,3.05663356,31,56.878186
RUSr106,2015_01,76.66739922,250.9728139,0.001050375,984891.0769,250.734716,4.587153605,5.85818E+11,11707193,4.837019627,3.800826508,0.463922946,2.718265979,0.241940516,3.05663356,31,66.1198092
RUSr106,2015_02,62.71532444,257.7951604,0.000970073,3113980.891,257.3585148,4.593916472,5.85818E+11,11707193,4.837019627,3.800826508,0.463922946,2.718265979,0.241940516,3.05663356,28,76.66739922
RUSr106,2015_03,56.72862457,264.6822176,0.000916817,8396562.053,264.0202653,5.219000279,5.85818E+11,11707193,4.837019627,3.800826508,0.463922946,2.718265979,0.241940516,3.05663356,31,62.71532444
RUSr106,2015_04,40.71665972,272.3917396,0.001368433,14307324.37,271.7089523,4.302850996,5.85818E+11,11707193,4.837019627,3.800826508,0.463922946,2.718265979,0.241940516,3.05663356,30,56.72862457
RUSr106,2015_05,25.91128921,280.616465,0.001311181,19307417.5,280.0981098,4.15469224,5.85818E+11,11707193,4.837019627,3.800826508,0.463922946,2.718265979,0.241940516,3.05663356,31,40.71665972
RUSr106,2015_06,11.46455801,288.526815,0.002738379,19332821.3,288.6887996,3.875807383,5.85818E+11,11707193,4.837019627,3.800826508,0.463922946,2.718265979,0.241940516,3.05663356,24,25.91128921
RUSr106,2015_07,8.418650475,287.5950295,0.004172277,14830898.47,287.6152935,4.126356375,5.85818E+11,11707193,4.837019627,3.800826508,0.463922946,2.718265979,0.241940516,3.05663356,31,11.46455801
RUSr106,2015_08,12.2339526,284.129591,0.002768537,12011018.36,284.1646997,3.848114175,5.85818E+11,11707193,4.837019627,3.800826508,0.463922946,2.718265979,0.241940516,3.05663356,30,8.418650475
RUSr106,2015_09,21.66896147,279.7170569,0.001787054,7363057.938,279.3032869,3.806084099,5.85818E+11,11707193,4.837019627,3.800826508,0.463922946,2.718265979,0.241940516,3.05663356,30,12.2339526
RUSr106,2015_10,41.39890596,269.5362746,0.001562776,3447724.774,269.1606603,4.06233567,5.85818E+11,11707193,4.837019627,3.800826508,0.463922946,2.718265979,0.241940516,3.05663356,31,21.66896147
RUSr106,2015_11,60.30147339,260.4541655,0.00109484,1201466.248,260.655626,4.327354255,5.85818E+11,11707193,4.837019627,3.800826508,0.463922946,2.718265979,0.241940516,3.05663356,30,41.39890596
RUSr106,2015_12,70.37404759,258.0009986,0.001227129,454649.7814,258.169948,4.251623079,5.85818E+11,11707193,4.837019627,3.800826508,0.463922946,2.718265979,0.241940516,3.05663356,31,60.30147339
RUSr106,2016_01,78.36114877,252.9698007,0.000562182,947352.9781,253.0338139,4.533742441,5.81295E+11,12022685,4.837019627,3.800826508,0.463922946,2.718265979,0.241940516,3.05663356,31,70.37404759
RUSr106,2016_02,65.1006038,263.6189338,0.001070153,2840030.938,263.3573031,4.596541609,5.81295E+11,12022685,4.837019627,3.800826508,0.463922946,2.718265979,0.241940516,3.05663356,29,78.36114877
RUSr106,2016_03,58.13987288,263.7825409,0.001148479,8330892.247,263.1202936,4.56838783,5.81295E+11,12022685,4.837019627,3.800826508,0.463922946,2.718265979,0.241940516,3.05663356,31,65.1006038
RUSr106,2016_04,38.98526493,274.0409653,0.001227307,13694119.49,273.2250539,4.22684433,5.81295E+11,12022685,4.837019627,3.800826508,0.463922946,2.718265979,0.241940516,3.05663356,30,58.13987288
RUSr106,2016_05,27.27413295,277.6257933,0.001404172,19295283.1,277.6097355,4.471405837,5.81295E+11,12022685,4.837019627,3.800826508,0.463922946,2.718265979,0.241940516,3.05663356,31,38.98526493
RUSr106,2016_06,11.3767928,288.4473266,0.002333082,20396434.76,288.553323,3.871166008,5.81295E+11,12022685,4.837019627,3.800826508,0.463922946,2.718265979,0.241940516,3.05663356,23,27.27413295
RUSr106,2016_07,7.297821623,292.2119006,0.001632781,20230338.12,292.8263012,3.459328167,5.81295E+11,12022685,4.837019627,3.800826508,0.463922946,2.718265979,0.241940516,3.05663356,10,11.3767928
RUSr106,2016_08,11.12917886,289.3374349,0.001972553,14461825.04,289.5372022,3.719980646,5.81295E+11,12022685,4.837019627,3.800826508,0.463922946,2.718265979,0.241940516,3.05663356,23,7.297821623
RUSr106,2016_09,19.78490133,283.2616326,0.001943769,7524608.834,283.0711526,3.597926544,5.81295E+11,12022685,4.837019627,3.800826508,0.463922946,2.718265979,0.241940516,3.05663356,30,11.12917886
RUSr106,2016_10,42.75753959,271.8696282,0.000939587,3445884.683,271.4308348,3.105701617,5.81295E+11,12022685,4.837019627,3.800826508,0.463922946,2.718265979,0.241940516,3.05663356,31,19.78490133
RUSr106,2016_11,66.09590973,255.2283843,0.001162916,1295324.139,255.2015239,3.464324994,5.81295E+11,12022685,4.837019627,3.800826508,0.463922946,2.718265979,0.241940516,3.05663356,30,42.75753959
RUSr106,2016_12,78.72319334,248.8135685,0.000862411,555206.5814,249.026935,4.15229496,5.81295E+11,12022685,4.837019627,3.800826508,0.463922946,2.718265979,0.241940516,3.05663356,31,66.09590973
RUSr106,2017_01,89.71538864,251.5643933,0.000833444,962357.2729,251.4208668,4.733350071,6.21838E+11,12168848,4.837019627,3.800826508,0.463922946,2.718265979,0.241940516,3.05663356,31,78.72319334
RUSr106,2017_02,75.32043168,254.6063971,0.001098615,3172576.285,254.4207005,4.689542566,6.21838E+11,12168848,4.837019627,3.800826508,0.463922946,2.718265979,0.241940516,3.05663356,28,89.71538864
RUSr106,2017_03,58.3399144,268.6746109,0.000933611,8503256.419,267.8216547,5.067271471,6.21838E+11,12168848,4.837019627,3.800826508,0.463922946,2.718265979,0.241940516,3.05663356,31,75.32043168
RUSr106,2017_04,46.78409645,269.1261502,0.001641921,14106789.83,268.8483419,4.938314753,6.21838E+11,12168848,4.837019627,3.800826508,0.463922946,2.718265979,0.241940516,3.05663356,30,58.3399144
RUSr106,2017_05,34.43511012,274.4466385,0.002118538,18201368.56,274.5020677,4.590309625,6.21838E+11,12168848,4.837019627,3.800826508,0.463922946,2.718265979,0.241940516,3.05663356,31,46.78409645
RUSr106,2017_06,15.1630988,285.8133686,0.002764947,19832604.92,285.8968831,3.95209456,6.21838E+11,12168848,4.837019627,3.800826508,0.463922946,2.718265979,0.241940516,3.05663356,30,34.43511012
RUSr106,2017_07,10.33440471,289.4418586,0.001511202,20824685.86,290.0589782,3.255163148,6.21838E+11,12168848,4.837019627,3.800826508,0.463922946,2.718265979,0.241940516,3.05663356,22,15.1630988
RUSr106,2017_08,13.170917,286.2129057,0.002730787,11788404.81,286.4011573,3.96004129,6.21838E+11,12168848,4.837019627,3.800826508,0.463922946,2.718265979,0.241940516,3.05663356,31,10.33440471
RUSr106,2017_09,26.99357866,278.5326269,0.001711913,6471078.397,278.5309462,3.891094887,6.21838E+11,12168848,4.837019627,3.800826508,0.463922946,2.718265979,0.241940516,3.05663356,30,13.170917
RUSr106,2017_10,48.5117691,272.4688895,0.001485118,3219431.436,272.0348269,3.884629706,6.21838E+11,12168848,4.837019627,3.800826508,0.463922946,2.718265979,0.241940516,3.05663356,31,26.99357866
RUSr106,2017_11,68.99895065,264.0407946,0.001171511,1186721.27,263.8059561,4.173353756,6.21838E+11,12168848,4.837019627,3.800826508,0.463922946,2.718265979,0.241940516,3.05663356,30,48.5117691
RUSr106,2017_12,81.99390751,261.5519388,0.001006987,476695.8381,261.7284132,4.422898068,6.21838E+11,12168848,4.837019627,3.800826508,0.463922946,2.718265979,0.241940516,3.05663356,31,68.99895065
RUSr107,2013_02,31.31759271,248.4093934,0.000702347,4180552.484,247.7764967,3.310141852,3.86713E+11,18897918,4.84141359,3.73005163,0.464881234,2.702138162,0.242946324,2.635556683,28,36.7816152
RUSr107,2013_03,30.37381251,254.411572,0.000865384,9766087.066,253.380162,3.352223796,3.86713E+11,18897918,4.84141359,3.73005163,0.464881234,2.702138162,0.242946324,2.635556683,31,31.31759271
RUSr107,2013_04,17.92918748,267.9071153,0.001094747,15928351.8,267.0907723,3.673044179,3.86713E+11,18897918,4.84141359,3.73005163,0.464881234,2.702138162,0.242946324,2.635556683,30,30.37381251
RUSr107,2013_05,11.01919728,276.7108098,0.002057877,19055928.59,276.3707228,3.861384482,3.86713E+11,18897918,4.84141359,3.73005163,0.464881234,2.702138162,0.242946324,2.635556683,31,17.92918748
RUSr107,2013_06,5.512860268,284.2428948,0.002226548,20841493.85,284.4777335,3.286354519,3.86713E+11,18897918,4.84141359,3.73005163,0.464881234,2.702138162,0.242946324,2.635556683,30,11.01919728
RUSr107,2013_07,3.446943473,288.3987944,0.001998779,19827708.59,288.8760027,2.709741555,3.86713E+11,18897918,4.84141359,3.73005163,0.464881234,2.702138162,0.242946324,2.635556683,30,5.512860268
RUSr107,2013_08,5.0990747,285.8423882,0.002348437,14072312.7,286.2860088,2.799067467,3.86713E+11,18897918,4.84141359,3.73005163,0.464881234,2.702138162,0.242946324,2.635556683,31,3.446943473
RUSr107,2013_09,10.67873699,276.868594,0.002029537,8373991.043,276.7023749,3.174382338,3.86713E+11,18897918,4.84141359,3.73005163,0.464881234,2.702138162,0.242946324,2.635556683,30,5.0990747
RUSr107,2013_10,18.96982246,268.3540394,0.001642142,4442116.138,267.6701115,3.853092755,3.86713E+11,18897918,4.84141359,3.73005163,0.464881234,2.702138162,0.242946324,2.635556683,31,10.67873699
RUSr107,2013_11,24.33829425,260.7456063,0.001644973,1869467.132,259.7707397,3.89405367,3.86713E+11,18897918,4.84141359,3.73005163,0.464881234,2.702138162,0.242946324,2.635556683,30,18.96982246
RUSr107,2013_12,30.47782011,254.0080479,0.001046569,1121918.748,253.0957692,3.379324886,3.86713E+11,18897918,4.84141359,3.73005163,0.464881234,2.702138162,0.242946324,2.635556683,31,24.33829425
RUSr107,2014_01,43.12790593,244.4041744,0.000670508,1721438.081,243.2311552,2.978490803,3.8811E+11,18948782,4.84141359,3.73005163,0.464881234,2.702138162,0.242946324,2.635556683,31,30.47782011
RUSr107,2014_02,35.23505119,246.8894794,0.00056779,4297700.523,245.8519663,3.120200202,3.8811E+11,18948782,4.84141359,3.73005163,0.464881234,2.702138162,0.242946324,2.635556683,28,43.12790593
RUSr107,2014_03,27.93927446,261.9758789,0.000959057,8982128.371,261.2230784,3.767051754,3.8811E+11,18948782,4.84141359,3.73005163,0.464881234,2.702138162,0.242946324,2.635556683,31,35.23505119
RUSr107,2014_04,19.39973174,270.8756459,0.001352182,15402250.2,270.1174522,4.119952308,3.8811E+11,18948782,4.84141359,3.73005163,0.464881234,2.702138162,0.242946324,2.635556683,30,27.93927446
RUSr107,2014_05,13.408014,275.8455357,0.001948682,19698215.67,275.4659601,3.763925014,3.8811E+11,18948782,4.84141359,3.73005163,0.464881234,2.702138162,0.242946324,2.635556683,31,19.39973174
RUSr107,2014_06,6.731936394,284.8046624,0.001957693,21394605.79,284.9460258,3.128814738,3.8811E+11,18948782,4.84141359,3.73005163,0.464881234,2.702138162,0.242946324,2.635556683,30,13.408014
RUSr107,2014_07,4.591296084,288.1073216,0.002493492,18509737.9,288.5953805,2.842192729,3.8811E+11,18948782,4.84141359,3.73005163,0.464881234,2.702138162,0.242946324,2.635556683,31,6.731936394
RUSr107,2014_08,5.700384116,284.3186501,0.00275327,13349680.86,284.5498375,3.231823001,3.8811E+11,18948782,4.84141359,3.73005163,0.464881234,2.702138162,0.242946324,2.635556683,31,4.591296084
RUSr107,2014_09,11.76996636,276.7323793,0.00208188,8903137.261,276.6227322,3.601963316,3.8811E+11,18948782,4.84141359,3.73005163,0.464881234,2.702138162,0.242946324,2.635556683,30,5.700384116
RUSr107,2014_10,22.32144733,266.5844883,0.001461225,4479419.944,266.0185528,3.20255924,3.8811E+11,18948782,4.84141359,3.73005163,0.464881234,2.702138162,0.242946324,2.635556683,31,11.76996636
RUSr107,2014_11,31.68839543,254.4073979,0.001246284,2022652.479,253.5618044,3.611591815,3.8811E+11,18948782,4.84141359,3.73005163,0.464881234,2.702138162,0.242946324,2.635556683,30,22.32144733
RUSr107,2014_12,36.84345018,253.3125002,0.000987143,1158157.067,252.6178737,3.541092627,3.8811E+11,18948782,4.84141359,3.73005163,0.464881234,2.702138162,0.242946324,2.635556683,31,31.68839543
RUSr107,2015_01,42.56626752,248.9896136,0.000906863,1702013.804,247.9166961,3.513995653,3.79832E+11,18916008,4.84141359,3.73005163,0.464881234,2.702138162,0.242946324,2.635556683,31,36.84345018
RUSr107,2015_02,34.81923138,252.3867489,0.00077452,4147100.438,251.245382,3.538733498,3.79832E+11,18916008,4.84141359,3.73005163,0.464881234,2.702138162,0.242946324,2.635556683,28,42.56626752
RUSr107,2015_03,31.49299561,259.920737,0.001093544,9052279.313,259.0548786,3.966995999,3.79832E+11,18916008,4.84141359,3.73005163,0.464881234,2.702138162,0.242946324,2.635556683,31,34.81923138
RUSr107,2015_04,22.60537188,269.6576977,0.001286893,15302130.64,268.8273814,3.415635304,3.79832E+11,18916008,4.84141359,3.73005163,0.464881234,2.702138162,0.242946324,2.635556683,30,31.49299561
RUSr107,2015_05,14.38743798,276.9036526,0.001520217,20418117.83,276.4415649,3.425860586,3.79832E+11,18916008,4.84141359,3.73005163,0.464881234,2.702138162,0.242946324,2.635556683,31,22.60537188
RUSr107,2015_06,6.367288029,285.8057685,0.002223704,20908615.36,285.8532375,3.364706246,3.79832E+11,18916008,4.84141359,3.73005163,0.464881234,2.702138162,0.242946324,2.635556683,30,14.38743798
RUSr107,2015_07,4.67516748,288.8510141,0.002538647,18314843.5,289.0241491,3.204648834,3.79832E+11,18916008,4.84141359,3.73005163,0.464881234,2.702138162,0.242946324,2.635556683,30,6.367288029
RUSr107,2015_08,6.792345652,285.1823189,0.002862153,13412866.58,285.3058548,3.296571847,3.79832E+11,18916008,4.84141359,3.73005163,0.464881234,2.702138162,0.242946324,2.635556683,31,4.67516748
RUSr107,2015_09,12.03090103,277.8232063,0.002135639,8801003.731,277.6306379,3.185556224,3.79832E+11,18916008,4.84141359,3.73005163,0.464881234,2.702138162,0.242946324,2.635556683,30,6.792345652
RUSr107,2015_10,22.98290586,268.8225979,0.001601805,4399204.07,268.1121258,3.465426845,3.79832E+11,18916008,4.84141359,3.73005163,0.464881234,2.702138162,0.242946324,2.635556683,31,12.03090103
RUSr107,2015_11,33.47952349,256.1005413,0.000898044,2139111.173,255.4172296,3.23629567,3.79832E+11,18916008,4.84141359,3.73005163,0.464881234,2.702138162,0.242946324,2.635556683,30,22.98290586
RUSr107,2015_12,39.07744754,254.0651575,0.001100904,1094825.868,253.0771898,3.552119406,3.79832E+11,18916008,4.84141359,3.73005163,0.464881234,2.702138162,0.242946324,2.635556683,31,33.47952349
RUSr107,2016_01,44.34659248,249.2486532,0.000505555,1895053.847,248.3516104,3.453897128,3.74525E+11,19123199,4.84141359,3.73005163,0.464881234,2.702138162,0.242946324,2.635556683,31,39.07744754
RUSr107,2016_02,36.84109553,254.4693208,0.000977638,3972536.713,253.5900611,3.291988768,3.74525E+11,19123199,4.84141359,3.73005163,0.464881234,2.702138162,0.242946324,2.635556683,29,44.34659248
RUSr107,2016_03,32.89746126,261.0756668,0.000883446,9392435.707,260.0791403,3.770277455,3.74525E+11,19123199,4.84141359,3.73005163,0.464881234,2.702138162,0.242946324,2.635556683,31,36.84109553
RUSr107,2016_04,22.05957341,269.739335,0.001139932,15731920.6,268.878512,3.271003788,3.74525E+11,19123199,4.84141359,3.73005163,0.464881234,2.702138162,0.242946324,2.635556683,30,32.89746126
RUSr107,2016_05,15.43361346,274.8165516,0.001495901,20798595.32,274.3748338,3.76338867,3.74525E+11,19123199,4.84141359,3.73005163,0.464881234,2.702138162,0.242946324,2.635556683,31,22.05957341
RUSr107,2016_06,6.438774727,286.3456547,0.001635122,22886079.21,286.4119148,3.226223314,3.74525E+11,19123199,4.84141359,3.73005163,0.464881234,2.702138162,0.242946324,2.635556683,30,15.43361346
RUSr107,2016_07,4.13047082,289.0006827,0.002217952,19629437.37,289.7791007,2.909186483,3.74525E+11,19123199,4.84141359,3.73005163,0.464881234,2.702138162,0.242946324,2.635556683,30,6.438774727
RUSr107,2016_08,6.2977673,285.3755723,0.002432204,13687481.51,285.4655121,3.349659001,3.74525E+11,19123199,4.84141359,3.73005163,0.464881234,2.702138162,0.242946324,2.635556683,31,4.13047082
RUSr107,2016_09,11.19549785,280.779886,0.001409906,9542557.609,280.7921487,3.022743182,3.74525E+11,19123199,4.84141359,3.73005163,0.464881234,2.702138162,0.242946324,2.635556683,30,6.2977673
RUSr107,2016_10,24.19323908,266.0327844,0.001008137,4533728.015,265.5997559,2.853413118,3.74525E+11,19123199,4.84141359,3.73005163,0.464881234,2.702138162,0.242946324,2.635556683,31,11.19549785
RUSr107,2016_11,37.39761253,253.0879013,0.000997561,2009929.718,252.2480305,3.038477404,3.74525E+11,19123199,4.84141359,3.73005163,0.464881234,2.702138162,0.242946324,2.635556683,30,24.19323908
RUSr107,2016_12,44.54357995,248.739404,0.000910473,1172015.912,247.735115,3.395682853,3.74525E+11,19123199,4.84141359,3.73005163,0.464881234,2.702138162,0.242946324,2.635556683,31,37.39761253
RUSr107,2017_01,50.13189847,249.5149795,0.000847859,1772713.505,248.4681618,3.930308014,3.84307E+11,19357769,4.84141359,3.73005163,0.464881234,2.702138162,0.242946324,2.635556683,31,44.54357995
RUSr107,2017_02,42.08236235,252.4679216,0.000657336,4224592.361,251.5557833,3.461503752,3.84307E+11,19357769,4.84141359,3.73005163,0.464881234,2.702138162,0.242946324,2.635556683,28,50.13189847
RUSr107,2017_03,32.59743317,263.9126811,0.000936791,9334906.484,263.0675544,3.763611555,3.84307E+11,19357769,4.84141359,3.73005163,0.464881234,2.702138162,0.242946324,2.635556683,31,42.08236235
RUSr107,2017_04,26.13910093,268.5924836,0.001299139,15562002.55,267.7361711,3.914306713,3.84307E+11,19357769,4.84141359,3.73005163,0.464881234,2.702138162,0.242946324,2.635556683,30,32.59743317
RUSr107,2017_05,19.240198,275.3947804,0.001613434,20558160.22,274.9613416,3.832244697,3.84307E+11,19357769,4.84141359,3.73005163,0.464881234,2.702138162,0.242946324,2.635556683,31,26.13910093
RUSr107,2017_06,8.473558032,286.2310372,0.002002506,21980909.09,286.2253092,3.246592818,3.84307E+11,19357769,4.84141359,3.73005163,0.464881234,2.702138162,0.242946324,2.635556683,29,19.240198
RUSr107,2017_07,5.77507659,287.6059214,0.002631997,18599101.07,287.9051477,2.890097013,3.84307E+11,19357769,4.84141359,3.73005163,0.464881234,2.702138162,0.242946324,2.635556683,31,8.473558032
RUSr107,2017_08,7.360385391,284.8038395,0.002736216,13209197.11,284.9511205,3.166939181,3.84307E+11,19357769,4.84141359,3.73005163,0.464881234,2.702138162,0.242946324,2.635556683,31,5.77507659
RUSr107,2017_09,15.08208374,276.7695918,0.002259526,7876727.787,276.6790962,3.297470386,3.84307E+11,19357769,4.84141359,3.73005163,0.464881234,2.702138162,0.242946324,2.635556683,30,7.360385391
RUSr107,2017_10,27.10625188,268.324613,0.00129333,4391325.092,267.7342734,3.323019034,3.84307E+11,19357769,4.84141359,3.73005163,0.464881234,2.702138162,0.242946324,2.635556683,31,15.08208374
RUSr107,2017_11,38.55716736,255.8270061,0.001035477,1957616.429,254.8547861,3.132436736,3.84307E+11,19357769,4.84141359,3.73005163,0.464881234,2.702138162,0.242946324,2.635556683,30,27.10625188
RUSr107,2017_12,45.81690133,252.1684876,0.001099276,1125156.696,251.3885756,3.395101099,3.84307E+11,19357769,4.84141359,3.73005163,0.464881234,2.702138162,0.242946324,2.635556683,31,38.55716736
RUSr108,2013_02,8.310054807,240.2779816,0.000313925,4064427.383,239.1929341,2.451881894,1.81383E+11,5830766,4.703662783,3.919385736,0.473781425,2.852200709,0.266565984,3.338601093,28,9.769374215
RUSr108,2013_03,8.044255357,251.4307707,0.000829028,9588253.014,250.8315582,3.021405804,1.81383E+11,5830766,4.703662783,3.919385736,0.473781425,2.852200709,0.266565984,3.338601093,31,8.310054807
RUSr108,2013_04,4.75520826,265.6968496,0.001030786,16046259.89,264.7382508,3.003013797,1.81383E+11,5830766,4.703662783,3.919385736,0.473781425,2.852200709,0.266565984,3.338601093,30,8.044255357
RUSr108,2013_05,2.920501219,277.2491381,0.001597047,19172949.95,276.7971526,3.085514829,1.81383E+11,5830766,4.703662783,3.919385736,0.473781425,2.852200709,0.266565984,3.338601093,31,4.75520826
RUSr108,2013_06,1.462595391,284.6696528,0.0021748,19216186.09,284.9359345,2.987103174,1.81383E+11,5830766,4.703662783,3.919385736,0.473781425,2.852200709,0.266565984,3.338601093,30,2.920501219
RUSr108,2013_07,0.916726642,286.9421093,0.003059708,15588993.44,287.0708844,2.852657264,1.81383E+11,5830766,4.703662783,3.919385736,0.473781425,2.852200709,0.266565984,3.338601093,31,1.462595391
RUSr108,2013_08,1.352091822,284.0442064,0.002790749,12311826.67,284.2436956,2.827076263,1.81383E+11,5830766,4.703662783,3.919385736,0.473781425,2.852200709,0.266565984,3.338601093,31,0.916726642
RUSr108,2013_09,2.828978806,276.4862253,0.002115004,8325577.707,276.1800437,2.985055136,1.81383E+11,5830766,4.703662783,3.919385736,0.473781425,2.852200709,0.266565984,3.338601093,30,1.352091822
RUSr108,2013_10,5.027321617,264.4255644,0.00121731,4634367.971,263.1747885,3.087980521,1.81383E+11,5830766,4.703662783,3.919385736,0.473781425,2.852200709,0.266565984,3.338601093,31,2.828978806
RUSr108,2013_11,6.465432858,253.5194136,0.001241647,1614337.161,252.5170575,3.042800634,1.81383E+11,5830766,4.703662783,3.919385736,0.473781425,2.852200709,0.266565984,3.338601093,30,5.027321617
RUSr108,2013_12,8.102980537,248.5333951,0.000788552,819959.2625,247.3901629,2.660937909,1.81383E+11,5830766,4.703662783,3.919385736,0.473781425,2.852200709,0.266565984,3.338601093,31,6.465432858
RUSr108,2014_01,11.15142889,239.5137045,0.000554949,1378951.678,238.290857,2.653683014,1.85704E+11,5869535,4.703662783,3.919385736,0.473781425,2.852200709,0.266565984,3.338601093,31,8.102980537
RUSr108,2014_02,9.113862961,245.9829204,0.000770567,3848834.221,244.9466154,2.800198325,1.85704E+11,5869535,4.703662783,3.919385736,0.473781425,2.852200709,0.266565984,3.338601093,28,11.15142889
RUSr108,2014_03,7.223581385,255.7212256,0.000594638,9462958.39,254.8169102,2.644260184,1.85704E+11,5869535,4.703662783,3.919385736,0.473781425,2.852200709,0.266565984,3.338601093,31,9.113862961
RUSr108,2014_04,5.010707616,267.188779,0.000951846,16279853.52,266.2664015,3.316404541,1.85704E+11,5869535,4.703662783,3.919385736,0.473781425,2.852200709,0.266565984,3.338601093,30,7.223581385
RUSr108,2014_05,3.463956928,275.5346933,0.00142889,19986865.91,274.7122444,3.147856762,1.85704E+11,5869535,4.703662783,3.919385736,0.473781425,2.852200709,0.266565984,3.338601093,31,5.010707616
RUSr108,2014_06,1.740380715,284.2494286,0.002239545,19270963.29,284.3849692,2.958264399,1.85704E+11,5869535,4.703662783,3.919385736,0.473781425,2.852200709,0.266565984,3.338601093,30,3.463956928
RUSr108,2014_07,1.188135635,287.4307398,0.002749511,16599975.81,287.7229108,2.769583464,1.85704E+11,5869535,4.703662783,3.919385736,0.473781425,2.852200709,0.266565984,3.338601093,31,1.740380715
RUSr108,2014_08,1.474875598,286.1083334,0.002270524,13613125.64,286.3377688,2.761962058,1.85704E+11,5869535,4.703662783,3.919385736,0.473781425,2.852200709,0.266565984,3.338601093,31,1.188135635
RUSr108,2014_09,3.038524263,277.8352543,0.001937208,8721418.859,277.5205989,3.027967743,1.85704E+11,5869535,4.703662783,3.919385736,0.473781425,2.852200709,0.266565984,3.338601093,30,1.474875598
RUSr108,2014_10,5.763268605,265.9919097,0.001503939,4411167.292,264.9276736,2.975986802,1.85704E+11,5869535,4.703662783,3.919385736,0.473781425,2.852200709,0.266565984,3.338601093,31,3.038524263
RUSr108,2014_11,8.189865573,251.5762268,0.001119813,1685939.598,250.7248563,2.899794315,1.85704E+11,5869535,4.703662783,3.919385736,0.473781425,2.852200709,0.266565984,3.338601093,30,5.763268605
RUSr108,2014_12,9.541324629,243.2171877,0.000634924,834010.4375,242.0375444,2.78349624,1.85704E+11,5869535,4.703662783,3.919385736,0.473781425,2.852200709,0.266565984,3.338601093,31,8.189865573
RUSr108,2015_01,10.98455065,244.6222553,0.000668157,1311515.316,243.3846016,2.862628186,1.83223E+11,5774816,4.703662783,3.919385736,0.473781425,2.852200709,0.266565984,3.338601093,31,9.541324629
RUSr108,2015_02,8.98200484,247.5992481,0.000574591,3786905.966,246.6723693,2.737447756,1.83223E+11,5774816,4.703662783,3.919385736,0.473781425,2.852200709,0.266565984,3.338601093,28,10.98455065
RUSr108,2015_03,8.116580514,254.8849525,0.000743561,9270831.034,254.165495,2.958681683,1.83223E+11,5774816,4.703662783,3.919385736,0.473781425,2.852200709,0.266565984,3.338601093,31,8.98200484
RUSr108,2015_04,5.823312552,262.9493329,0.00085877,16227127.12,262.513908,2.797464526,1.83223E+11,5774816,4.703662783,3.919385736,0.473781425,2.852200709,0.266565984,3.338601093,30,8.116580514
RUSr108,2015_05,3.706559122,273.6633954,0.001462153,20102518.46,273.0368301,3.044336434,1.83223E+11,5774816,4.703662783,3.919385736,0.473781425,2.852200709,0.266565984,3.338601093,31,5.823312552
RUSr108,2015_06,1.644985772,284.1302705,0.002094707,20312148.3,284.1109868,3.04090208,1.83223E+11,5774816,4.703662783,3.919385736,0.473781425,2.852200709,0.266565984,3.338601093,30,3.706559122
RUSr108,2015_07,1.208155606,287.8322074,0.00244839,17198147.08,288.0295596,2.741615171,1.83223E+11,5774816,4.703662783,3.919385736,0.473781425,2.852200709,0.266565984,3.338601093,31,1.644985772
RUSr108,2015_08,1.750479451,284.8923047,0.00245294,12528476.34,284.9735232,2.906138766,1.83223E+11,5774816,4.703662783,3.919385736,0.473781425,2.852200709,0.266565984,3.338601093,31,1.208155606
RUSr108,2015_09,3.098746709,277.6870687,0.001857474,8703583.805,277.4040652,2.910118625,1.83223E+11,5774816,4.703662783,3.919385736,0.473781425,2.852200709,0.266565984,3.338601093,30,1.750479451
RUSr108,2015_10,5.91949826,265.978282,0.001532672,4257554.172,265.200913,2.84940218,1.83223E+11,5774816,4.703662783,3.919385736,0.473781425,2.852200709,0.266565984,3.338601093,31,3.098746709
RUSr108,2015_11,8.629292222,251.6020617,0.000704242,1790723.977,250.4801575,2.962591727,1.83223E+11,5774816,4.703662783,3.919385736,0.473781425,2.852200709,0.266565984,3.338601093,30,5.91949826
RUSr108,2015_12,10.0892528,243.8160571,0.000561479,853114.2669,242.6715094,2.809847493,1.83223E+11,5774816,4.703662783,3.919385736,0.473781425,2.852200709,0.266565984,3.338601093,31,8.629292222
RUSr108,2016_01,11.34177489,245.3697761,0.000600716,1321601.872,244.0228279,3.120615286,1.79567E+11,6090210,4.703662783,3.919385736,0.473781425,2.852200709,0.266565984,3.338601093,31,10.0892528
RUSr108,2016_02,9.418905766,244.6217278,0.000548783,3924155.639,243.6662874,2.728728712,1.79567E+11,6090210,4.703662783,3.919385736,0.473781425,2.852200709,0.266565984,3.338601093,29,11.34177489
RUSr108,2016_03,8.395476789,254.9258713,0.000558513,9563479.884,254.1184573,2.649608049,1.79567E+11,6090210,4.703662783,3.919385736,0.473781425,2.852200709,0.266565984,3.338601093,31,9.418905766
RUSr108,2016_04,5.626593108,265.2464522,0.000793731,16298018.6,264.9109628,2.700939077,1.79567E+11,6090210,4.703662783,3.919385736,0.473781425,2.852200709,0.266565984,3.338601093,30,8.395476789
RUSr108,2016_05,3.936598561,275.3238213,0.001683793,19410766.06,274.7047382,3.05609115,1.79567E+11,6090210,4.703662783,3.919385736,0.473781425,2.852200709,0.266565984,3.338601093,31,5.626593108
RUSr108,2016_06,1.646005226,285.0158542,0.001939709,20672293.1,285.2416148,2.922975587,1.79567E+11,6090210,4.703662783,3.919385736,0.473781425,2.852200709,0.266565984,3.338601093,30,3.936598561
RUSr108,2016_07,1.0578381,286.8135157,0.003071795,16089641.74,286.9230106,2.908429296,1.79567E+11,6090210,4.703662783,3.919385736,0.473781425,2.852200709,0.266565984,3.338601093,31,1.646005226
RUSr108,2016_08,1.607369432,284.3459496,0.002995071,12462246.07,284.3855888,2.992335118,1.79567E+11,6090210,4.703662783,3.919385736,0.473781425,2.852200709,0.266565984,3.338601093,31,1.0578381
RUSr108,2016_09,2.856573261,278.4332864,0.001856668,8459617.493,278.0400889,2.905801751,1.79567E+11,6090210,4.703662783,3.919385736,0.473781425,2.852200709,0.266565984,3.338601093,30,1.607369432
RUSr108,2016_10,6.173705833,266.4889829,0.001924871,4081219.025,265.4879907,3.425678,1.79567E+11,6090210,4.703662783,3.919385736,0.473781425,2.852200709,0.266565984,3.338601093,31,2.856573261
RUSr108,2016_11,9.545468559,251.4374372,0.000861355,1715600.183,250.1571102,2.729505654,1.79567E+11,6090210,4.703662783,3.919385736,0.473781425,2.852200709,0.266565984,3.338601093,30,6.173705833
RUSr108,2016_12,11.37183927,244.7387228,0.000828055,868536.2132,243.6706963,2.895889299,1.79567E+11,6090210,4.703662783,3.919385736,0.473781425,2.852200709,0.266565984,3.338601093,31,9.545468559
RUSr108,2017_01,12.87021352,243.7435901,0.000687272,1344233.968,242.3341963,3.04010341,1.75609E+11,6185927,4.703662783,3.919385736,0.473781425,2.852200709,0.266565984,3.338601093,31,11.37183927
RUSr108,2017_02,10.79546964,247.235803,0.000706141,3888780.787,246.1784652,2.886463676,1.75609E+11,6185927,4.703662783,3.919385736,0.473781425,2.852200709,0.266565984,3.338601093,28,12.87021352
RUSr108,2017_03,8.370586964,260.0466609,0.000703281,9310839.259,259.1124984,2.991733559,1.75609E+11,6185927,4.703662783,3.919385736,0.473781425,2.852200709,0.266565984,3.338601093,31,10.79546964
RUSr108,2017_04,6.697484863,266.8393898,0.000959294,15778753.3,266.1039477,2.892935108,1.75609E+11,6185927,4.703662783,3.919385736,0.473781425,2.852200709,0.266565984,3.338601093,30,8.370586964
RUSr108,2017_05,4.927681641,274.2101511,0.001499855,19564028.17,273.7609733,3.054174672,1.75609E+11,6185927,4.703662783,3.919385736,0.473781425,2.852200709,0.266565984,3.338601093,31,6.697484863
RUSr108,2017_06,2.17542999,284.1398091,0.001920157,21050960.64,284.1924575,2.943181104,1.75609E+11,6185927,4.703662783,3.919385736,0.473781425,2.852200709,0.266565984,3.338601093,30,4.927681641
RUSr108,2017_07,1.482369194,286.1756351,0.002667521,16267960.33,286.3355554,2.958829759,1.75609E+11,6185927,4.703662783,3.919385736,0.473781425,2.852200709,0.266565984,3.338601093,31,2.17542999
RUSr108,2017_08,1.888081879,285.7492491,0.002303743,12830267.28,285.9519506,2.787378058,1.75609E+11,6185927,4.703662783,3.919385736,0.473781425,2.852200709,0.266565984,3.338601093,31,1.482369194
RUSr108,2017_09,3.862157894,277.7621589,0.002203899,7824771.607,277.6233777,2.827457427,1.75609E+11,6185927,4.703662783,3.919385736,0.473781425,2.852200709,0.266565984,3.338601093,30,1.888081879
RUSr108,2017_10,6.948439374,264.7386756,0.001362674,4458192.132,263.8182944,2.925073707,1.75609E+11,6185927,4.703662783,3.919385736,0.473781425,2.852200709,0.266565984,3.338601093,31,3.862157894
RUSr108,2017_11,9.894224274,252.3617677,0.00162716,1680316.306,251.2191545,3.223487039,1.75609E+11,6185927,4.703662783,3.919385736,0.473781425,2.852200709,0.266565984,3.338601093,30,6.948439374
RUSr108,2017_12,11.76603424,244.6665773,0.000761337,844624.5534,243.3464667,2.883426329,1.75609E+11,6185927,4.703662783,3.919385736,0.473781425,2.852200709,0.266565984,3.338601093,31,9.894224274
